date,timestamp,year,month,title,text,tags,image_count,image_files,source_file
2012/10/04,"October 4th, 2012 12:00am",2012,10,,わ〜〜明日だよ！しゃうぉるのみんな！ペンイベ当選するの、明日だよ！落ちることは考えないっ＼(^o^)／,2012|lifework|shinee|非公開,1,756254722065891328_0.jpg,756254722065891328.html
2012/10/17,"October 17th, 2012 12:00am",2012,10,,てみんんんんんんん！！！！_(:3」∠)_,2012|lifework|shinee|非公開,1,756254857846013952_0.jpg,756254857846013952.html
2012/11/10,"November 10th, 2012 12:00am",2012,11,,微妙に遠いけどちゃんと見える！,lifework|shinee|2012|非公開,1,756274152837726208_0.jpg,756274152837726208.html
2012/11/11,"November 11th, 2012 12:00am",2012,11,,しゃいにに魂が奪われたようで、ハピM帰りの電車間違えちゃったシャヲルちゃんもいたみたいだけど無事帰れたのかな？わたしは布団にばたんきゅーです喉いてえ,lifework|2012|shinee,1,756256117399683072_0.jpg,756256117399683072.html
2012/11/17,"November 17th, 2012 12:00am",2012,11,,お目当てのものGET♡ 底からイテミンのサインが出てくるリップバーム♡ 他のお店では売り切れみたいで、新しくできたお店にあったよ〜,lifework|2012|shinee|非公開,1,756268408245485568_0.jpg,756268408245485568.html
2012/12/20,"December 20th, 2012 12:00am",2012,12,,"席こんなかんじ！
アリーナ席の前半分は倖田來未のファンが多いけど、他はしゃをるが大半しめてる。",lifework|2012|shinee|非公開,1,756268421824544768_0.jpg,756268421824544768.html
2012/12/23,"December 23rd, 2012 12:00am",2012,12,,"パッと見、しゃをる多いよねぇ笑
みなさん、8割くらいしゃをるですw",lifework|2013|shinee|非公開,2,756268240849747968_0.jpg|756268240849747968_1.jpg,756268240849747968.html
2013/06/29,"June 29th, 2013 12:00am",2013,06,,これ企画してくれたひと、ほんとうにありがとう…,lifework|2013|shinee,1,756258180643848192_0.jpg,756258180643848192.html
2013/07/01,"July 1st, 2013 12:00am",2013,07,,だいすき。しゃおるでしあわせ！,lifework|2013|shinee,1,756258126418886656_0.jpg,756258126418886656.html
2014/01/14,"January 14th, 2014 12:00am",2014,01,,"ぎゃーヽ(°▽、°)ﾉ しぬさん浮上でいろいろ写真あげてくれたね！しぬくんにハグされた夢みた吐血
しかも向こうからハグしてきてくれた(°_°) あんまりがっついたら嫌われると思って、胸板に顔くっつけて深呼吸しながら匂いフェチ発揮してた(°_°) そんな夢みてる自分きもいww",dream|非公開|b1a4,1,756270676831289344_0.jpg,756270676831289344.html
2014/01/20,"January 20th, 2014 12:00am",2014,01,,昨日、寝る前にお母さんがイェソンのリクガメの話するから、夢にリクガメ出てきたし…,dream|2014|非公開,1,756270720115425280_0.jpg,756270720115425280.html
2014/01/31,"January 31st, 2014 12:00am",2014,01,,やっと届いた(OvO) 週末ゆっくり聴こう〜〜,lifework|2014|b1a4,1,756258045811736576_0.jpg,756258045811736576.html
2014/03/03,"March 3rd, 2014 12:00am",2014,03,,しゃいにのグッズのチョコめっちゃ美味しいんだけど何処で買えるの…(°_°) 調べてもよくわからなかった〜,lifework|2014|shinee,1,756257683774046208_0.jpg,756257683774046208.html
2014/06/29,"June 29th, 2014 12:00am",2014,06,,渋谷でしゃいにのトラック走ってた！,lifework|日常|2014|shinee,1,756256042521853952_0.jpg,756256042521853952.html
2014/09/25,"September 25th, 2014 12:00am",2014,09,,しゃいにのトラックいた！！,lifework|2014|日常|shinee,1,756257440478150656_0.jpg,756257440478150656.html
2014/11/26,"November 26th, 2014 12:00am",2014,11,,しゃいにのグッズ、11時くらいから並んでるけど、雨と風でめっちゃくちゃ寒い。レインコートと手袋必要だったなあ。朝から並んでる人すごいや。,lifework|2014|shinee,1,756257338957217792_0.jpg,756257338957217792.html
2015/02/18,"February 18th, 2015 12:00am",2015,02,,仕事でライブ招待いただいたのに、今月忙しすぎていけない(;´༎ຶД༎ຶ`)残念すぎる(;´༎ຶД༎ຶ`),2015|日常|非公開,1,756271242328391680_0.jpg,756271242328391680.html
2015/03/15,"March 15th, 2015 12:00am",2015,03,,Ａ賞だった（ ; ; ）,lifework|2015|shinee,1,756257075316850688_0.jpg,756257075316850688.html
2015/03/15,"March 15th, 2015 12:00am",2015,03,,RT @KpopBehind : Backstage of #SHINee ’s exclusive concert in Tokyo Dome. See the costumes. #SHINeeTokyoDome,lifework|2015|RT|shinee,1,756270439896170496_0.jpg,756270439896170496.html
2016/02/02,"February 2nd, 2016 12:00am",2016,02,,この前、久々に韓国料理たべにいった！こんなにテーブルに並んでると広告みたいw,what i ate today|2016,1,751725074011373568_0.jpg,751725074011373568.html
2017/12/19,"December 19th, 2017 12:00am",2017,12,,折ってはいけない、繊細で純粋で暖かい花だったのに,lifework|2017|shinee,1,756265185419870208_0.jpg,756265185419870208.html
2017/12/21,"December 21st, 2017 12:00am",2017,12,,,lifework|shinee|2017|RT,4,756264142362574848_0.jpg|756264142362574848_1.jpg|756264142362574848_2.jpg|756264142362574848_3.jpg,756264142362574848.html
2017/12/21,"December 21st, 2017 12:00am",2017,12,,RT @ever_893 : 可愛そうなグループ、可愛そうなファンダムだと、世間にはそう認知されるんだろうか。そんなことない。世界で一番幸せなグループで、世界で一番幸せなファンダムだったよ。,lifework|2017|RT|shinee,4,756264150488973312_0.jpg|756264150488973312_1.jpg|756264150488973312_2.jpg|756264150488973312_3.jpg,756264150488973312.html
2017/12/29,"December 29th, 2017 12:00am",2017,12,,RT @geeknim : https://t.co/JsbFXNkVx1 訳,lifework|2017|RT|shinee,4,756264363614240769_0.jpg|756264363614240769_1.jpg|756264363614240769_2.jpg|756264363614240769_3.jpg,756264363614240769.html
2018/01/19,"January 19th, 2018 12:00am",2018,01,,RT @SHINee : 종현 앨범 발매 공지사항 입니다. ‘Poet | Artist’ 음원/MV: 2018.01.23 12PM KST 음반: 2018.01.24,lifework|2018|RT|shinee,1,756263222474145793_0.jpg,756263222474145793.html
2018/01/23,"January 23rd, 2018 12:00am",2018,01,,RT @DazzlingBoys5 : MR除去された５人の声は本当に素晴らしい もっともっと評価されていい,lifework|shinee|2018|RT,0,,756263257711509504.html
2018/03/02,"March 2nd, 2018 12:00am",2018,03,,RT @saku_pf : すべては輝く明日のために　#SHINee を投稿しました。 #エキサイトブログ https://t.co/NFss9FFTdr,lifework|2018|RT|shinee,1,756262916548853760_0.jpg,756262916548853760.html
2018/03/06,"March 6th, 2018 12:00am",2018,03,,RT @emgkh79 : いつの間にか公式LINEのホーム画像がFOREVER 5HINeeになっていたんだね この時の感動と切なさが蘇る,lifework|shinee|2018|RT,1,756262217339518976_0.jpg,756262217339518976.html
2018/03/06,"March 6th, 2018 12:00am",2018,03,,RT @quartz1027 : お友達に借りて訳させてもらいしました。 シンギジュさんのメッセージ、おそらくEsquireの編集者のノートのようです。 https://t.co/YDJbNwRxI9,lifework|2018|RT|shinee,1,756262636116672512_0.jpg,756262636116672512.html
2018/04/14,"April 14th, 2018 12:00am",2018,04,,RT @onewfev : こういうことですかーーーー😭😭😭😭😭 ジョンが空から見えるようにだよね、そうだよねㅠㅠㅠㅠㅠㅠ,lifework|2018|RT|shinee,1,756262042424524800_0.jpg,756262042424524800.html
2018/07/02,"July 2nd, 2018 12:00am",2018,07,,#新しいプロフィール画像,新しいプロフィール画像|放浪中|2018,1,751725152700678144_0.jpg,751725152700678144.html
2018/07/02,"July 2nd, 2018 12:00am",2018,07,,HUAWEI　P20、ライカのデュアルレンズ搭載のやつ。うわさのやつ。,2018,1,752360889233113088_0.jpg,752360889233113088.html
2018/07/13,"July 13th, 2018 12:00am",2018,07,,#新しいプロフィール画像 #1989年 #平成でつながる,新しいプロフィール画像|2018,1,751725235257196544_0.jpg,751725235257196544.html
2018/10/09,"October 9th, 2018 12:00am",2018,10,,"#煉獄に笑う #石田三成ゆかりの地 #松尾寺 #大原観音寺
#煉獄に笑う #石田三成ゆかりの地 #佐和山城跡 #夢京橋あかり館
#煉獄に笑う #石田三成ゆかりの地 #国友鉄砲の里資料館 #大通寺",2018|trip,12,751732986092945408_0.jpg|751732986092945408_1.jpg|751732986092945408_2.jpg|751732986092945408_3.jpg|751732986092945408_4.jpg|751732986092945408_5.jpg|751732986092945408_6.jpg|751732986092945408_7.jpg|751732986092945408_8.jpg|751732986092945408_9.jpg|751732986092945408_10.jpg|751732986092945408_11.jpg,751732986092945408.html
2018/10/30,"October 30th, 2018 12:00am",2018,10,,関ヶ原合戦祭りを機にツイッター再開したい#新しいプロフィール画像,新しいプロフィール画像|関ヶ原|sekigahara|2018,1,751725310717902848_0.jpg,751725310717902848.html
2018/11/01,"November 1st, 2018 12:00am",2018,11,,"コースデビューしてきた！⛳ 寒かったけど楽しかった〜〜
今回のスコアは178で目標の170切れなかったけど、次の目標は、空振りとか酷いショットなくしてって150かな…
ちなみに月１のペースで２回しか練習してないうえでのデビューだったから、なかなかにハチャメチャだった(°▽°)",放浪中|2018,1,751725423517417472_0.jpg,751725423517417472.html
2018/11/08,"November 8th, 2018 12:00am",2018,11,,千葉から家族が遊びに来てた。３泊４日で、大分県の山奥から熊本まで運転しまくった！休みすぎて働きたくない〜！,放浪中|2018|trip,1,751725457104420864_0.jpg,751725457104420864.html
2018/11/08,"November 8th, 2018 12:00am",2018,11,,私は見たことのない景色を見るだけで興奮するし感動できるけど、山は山、田舎は田舎でどこも同じだという人もいる。 やっぱり、環境を変えることは私にとって意味のあることなんだろうと思う。,放浪中|2018|trip,1,751725509417811968_0.jpg,751725509417811968.html
2018/11/09,"November 9th, 2018 12:00am",2018,11,,これからのことを考える時間と、気持ちに余裕が必要なとき。#新しいプロフィール画像,新しいプロフィール画像|放浪中|2018,1,751725555679985664_0.jpg,751725555679985664.html
2018/11/14,"November 14th, 2018 12:00am",2018,11,,今日は湯布院のぬるかわ温泉に行ってみた。温泉スタンプをためてるんだけど、あと2ヶ月半でどれくらい行けるだろう…,放浪中|2018,1,751725819680931840_0.jpg,751725819680931840.html
2018/11/20,"November 20th, 2018 12:00am",2018,11,,#ラムネ温泉 に行ってきた！高濃度の炭酸泉って初めて入ったんだけど、嬉しい効能ばかり…！週に３回は入りに来てるという奥様…羨ましすぎる…。にしても建築物好きとしても面白い温泉でした。グッズもかわいいよ。#竹田市の魅力,放浪中|2018|trip|oita,4,751725896731426816_0.jpg|751725896731426816_1.jpg|751725896731426816_2.jpg|751725896731426816_3.jpg,751725896731426816.html
2018/11/26,"November 26th, 2018 12:00am",2018,11,,しめきりまえの…恒例の…しんどいやつ…がんばろ……。（明日の夕方にはお返事返します）,what i ate today|cafe|2018,1,751725930280583168_0.jpg,751725930280583168.html
2018/12/10,"December 10th, 2018 12:00am",2018,12,,"今朝７時頃、別府に到着。大阪から約12時間の船旅でした〜。お風呂入って９時前には就寝。６時前に起きたけど悪天候で朝焼けも見れず残念！ 船内ではWi-Fiが繋がらなかったので、ゆっくり読書したり、関ヶ原の写真眺めて思い出に浸ってた☺️寝不足続きだったからか、ツーリスト部屋でもよく眠れた〜
そこからキャリーケース持ったままバスに乗り込み、みょうばん温泉へ。すっかりお気に入りの岡本屋売店で温玉ごはん😋 これから、初の湯屋えびすで温泉入ってくる！岩盤浴もあるから、１日ゆっくりしよう。 考えごとたくさんする〜！",放浪中|2018|関ヶ原|sekigahara|trip|oita|what i ate today,5,751725983856574464_0.jpg|751725983856574464_1.jpg|751725983856574464_2.jpg|751725983856574464_3.jpg|751725983856574464_4.jpg,751725983856574464.html
2018/12/11,"December 11th, 2018 12:00am",2018,12,,"関ヶ原合戦絵巻2018 忘年会のテーブル🥂
幹事様、開催前の準備から当日の仕切りまで、ありがとうございました！とても楽しかったです❤️お土産下さった方も、ありがとうございました！いただきます😊 それと、Xmasプレゼントに徳川のスタンプもらえて嬉しかったな😆
関ヶ原合戦絵巻2018忘年会
関ヶ原の皆様と再会できて嬉しかった😊絵巻初参加ゆえ、どなたか分からなかったり、ちゃんとご挨拶できなかった方も多かったですが、来年もまた関ヶ原でお会いできますように！その時は仲良くしてやってください〜🙇 この加工…表情はそのままで素顔隠せるの、気に入った🤣
それから、その後。まったりお話できたのもよかった〜☺️たまに顔認証されない人がいるw",2018|関ヶ原|sekigahara|trip,10,751726120115798016_0.jpg|751726120115798016_1.jpg|751726120115798016_2.jpg|751726120115798016_3.jpg|751726120115798016_4.jpg|751726120115798016_5.jpg|751726120115798016_6.jpg|751726120115798016_7.jpg|751726120115798016_8.jpg|751726120115798016_9.jpg,751726120115798016.html
2018/12/11,"December 11th, 2018 12:00am",2018,12,,翌日は関ヶ原ファイナルへ。 ハヤテワークスさんのアメリカンドッグと、月花さんのカレー。寒かったので一層美味しかった〜😋殿、ごちそうさまでした😊 そうそう、何年もツイッターで拝見してた関ヶ原組の左近様も見れて嬉しかった😭❤️何より、甲冑劇のクライマックスに涙😢じ〜んときた…,what i ate today|2018|関ヶ原|sekigahara|trip,4,751726365408198656_0.jpg|751726365408198656_1.jpg|751726365408198656_2.jpg|751726365408198656_3.jpg,751726365408198656.html
2018/12/11,"December 11th, 2018 12:00am",2018,12,,"IOLITE
そしてそして！こちらも念願の！関ヶ原CoffeeStand（ @dois_Coffee ）😆来年行けたらな〜って思ってたけど、ファイナルで叶いました☕家紋はもっと迷うと思ったけど、橘に即決してしまった…。ふふ。スタンプカードもいただいたし、家紋制覇したいw 気になってたサコッシュもゲットできて満足😎
なんとこの橘アートラテ、私が初の注文者だったらしく、記念すべき１杯目なんてラッキー♥",2018|cafe|sekigahara|関ヶ原,4,754449469442064384_1.jpg|754449469442064384_2.jpg|754449469442064384_3.jpg|754449469442064384_4.jpg,754449469442064384.html
2018/12/13,"December 13th, 2018 12:00am",2018,12,,"10/20 関ヶ原合戦祭り&絵巻リハ
朝、ゆみあさんと米原で合流。荷物を預けてから大谷吉継の首塚へご挨拶に行き（東軍なのにw）、駅前のおしゃれカフェ、隣町パーラーで朝ごはん！仕事の事とかこれからの事とか、たっぷり語って。初めての絵巻参戦に、わくわくそわそわしながら関ケ原へ。",what i ate today|2018|sekigahara|関ヶ原,4,752359814012747777_0.jpg|752359814012747777_1.jpg|752359814012747777_2.jpg|752359814012747777_3.jpg,752359814012747777.html
2018/12/18,"December 18th, 2018 12:00am",2018,12,,,,1,770783554291499008_0.jpg,770783554291499008.html
2018/12/18,"December 18th, 2018 12:00am",2018,12,,,日常|shinee|2018,1,770783596012322816_0.jpg,770783596012322816.html
2018/12/22,"December 22nd, 2018 12:00am",2018,12,,KEY LAND入国完了！会場せまい。後ろから数えたほうが早い 席 だから…嬉しい…(T_T),lifework|2018|shinee|非公開,1,756270909380247552_0.jpg,756270909380247552.html
2019/01/31,"January 31st, 2019 12:00am",2019,01,,実家に戻ってきた！！！やっと、やっと合戦絵巻のDVD観れてる〜！😂,関ヶ原|2018,1,751727003300937728_0.jpg,751727003300937728.html
2019/01/31,"January 31st, 2019 12:00am",2019,01,,昨日の退寮日には、部屋出る直前にこやつをいただきましたぜ…！出陣じゃ〜！,what i ate today|放浪中|2018|関ヶ原|sekigahara,1,751727039627837440_0.jpg,751727039627837440.html
2019/02/22,"February 22nd, 2019 12:00am",2019,02,,友達が、理由なく、こういうの買ってきてくれるの。最高に幸せな気分になる。。。,what i ate today|放浪中|2019,1,751727143883603968_0.jpg,751727143883603968.html
2019/02/23,"February 23rd, 2019 12:00am",2019,02,,ああ〜！！ 空！！！山！！！海！！！ 景色！！！！！すき！！！！！！ ってなる おおいた すき😳😳😳,放浪中|2019,1,751727178095493120_0.jpg,751727178095493120.html
2019/02/24,"February 24th, 2019 12:00am",2019,02,,今朝大分に帰ってきた！そして、やっと髪切ったー(>ω<) ミスドの鎧塚コラボのこれ、めちゃくちゃ美味しい…🤤,what i ate today|放浪中|2019|cafe,1,751727206354616320_0.jpg,751727206354616320.html
2019/02/25,"February 25th, 2019 12:00am",2019,02,,髪切ったあと、ヒトカラ！ コンデンサマイク？初めて使った！ めっちゃ楽しかった😎😎😎,放浪中|2019,1,751727247496544256_0.jpg,751727247496544256.html
2019/03/02,"March 2nd, 2019 12:00am",2019,03,,たのしかったあ… 。こうやって、大切な人が増えて、大切な時間が増えていくの。本当に幸せなことだ。,放浪中|2019,1,751727272956968960_0.jpg,751727272956968960.html
2019/03/03,"March 3rd, 2019 12:00am",2019,03,,あーー アップロードも済ませて最終確認ってとこで大きなミス発見したーー 今日はもう営業終了です おやすみなさい,放浪中|2019,1,751727298870411264_0.jpg,751727298870411264.html
2019/03/04,"March 4th, 2019 12:00am",2019,03,,ぐっもーにん。 こちらは、湯布院で売られていたシイタケさん。手のひらサイズ、もしくはそれ以上。（伝わるかな？） ホント、椎茸が美味しい。これが全国に出回らないのは残念。永遠にシイタケ食べてたい🍄,放浪中|2019,2,751727331527327744_0.jpg|751727331527327744_1.jpg,751727331527327744.html
2019/03/04,"March 4th, 2019 12:00am",2019,03,,RT こないだ実家帰ったときに、お兄と一緒に行ったー！いたー！,2019,1,751727365844090880_0.jpg,751727365844090880.html
2019/03/07,"March 7th, 2019 12:00am",2019,03,,3/5　休日の昼下がり このよく分からない銅像を 「いかに上手く撮れるか」って くだらないけど楽しいことをした 堂々と自信をもって 「私だね」って言うあたり やっぱり写真が好きなんだって 今、ふと思った,放浪中|2019,1,751727404651806720_0.jpg,751727404651806720.html
2019/03/17,"March 17th, 2019 12:00am",2019,03,,お出かけの時間配分まちがえすぎて日田の梅まつりには行けなかったけど、そんなアホな一日もいい思い出☀職場の前の梅はやっと咲きだした〜😊,放浪中|2019,1,751727452345204736_0.jpg,751727452345204736.html
2019/03/20,"March 20th, 2019 12:00am",2019,03,,今思えば、寅さんが好きだったり、ビリージョエルが好きだったり、私ってなかなか渋い小学生だったな,2019,1,751727475894190080_0.jpg,751727475894190080.html
2019/03/20,"March 20th, 2019 12:00am",2019,03,,久しぶりに早起き。 ７時に起きて白湯飲んで、すこし散歩して、帰宅したらインスタライブ（笑） 昼から仕事だけど、もう眠い😂,放浪中|2019,1,751727509408776192_0.jpg,751727509408776192.html
2019/03/20,"March 20th, 2019 12:00am",2019,03,,なんだか少し悲しくなって 寂しくなった夜は 風に吹かれて 奮い立たせるみたいに ひとりでも大丈夫って しゃんとしようとして ダメになるまえに,放浪中|2019,1,751727644150808576_0.jpg,751727644150808576.html
2019/03/21,"March 21st, 2019 12:00am",2019,03,,みんなで美味しくご飯を食べた 昨日すこし心にひっかかったこと 素直に前向きに対処したら なんてことなかった みーんな優しくて、幸せだ,放浪中|2019,1,751727669285142528_0.jpg,751727669285142528.html
2019/03/22,"March 22nd, 2019 12:00am",2019,03,,＋昨日の嬉しかったこと① ずっと買おうと思ってた ユリアージュが ローソンの在庫整理で かなり安くなってた🤣,放浪中|2019,1,751727695823536128_0.jpg,751727695823536128.html
2019/03/22,"March 22nd, 2019 12:00am",2019,03,,＋昨日の嬉しかったこと② 前の職場で一緒に働いてて 今の職場で再会したお兄さんが アイス買ってくれた😋 湯上がりにいただきました😋😋,what i ate today|放浪中|2019,1,751727719329497088_0.jpg,751727719329497088.html
2019/04/14,"April 14th, 2019 12:00am",2019,04,,4/12 旅に出て一周年の日。 ため息が出るくらい美しい景色と 私を連れ出してくれる友達 それからいつものサプライズ こっちに来てから 見返りとか関係なしに よくしてくれる人が 本当にたくさんいて 胸がいっぱいになる 私には何ができるだろうって いつも思う,what i ate today|放浪中|2019,1,751727774280122368_0.jpg,751727774280122368.html
2019/04/22,"April 22nd, 2019 12:00am",2019,04,,4/17 私の短所とも言える無計画さに振り回された挙げ句、ただ純粋に目の前のことを楽しんでいる姿を見た人が「楽しいね」と言ってくれた、不思議で平和な１日。,放浪中|2019,1,751727809932754944_0.jpg,751727809932754944.html
2019/05/03,"May 3rd, 2019 12:00am",2019,05,,くじゅう花公園で買った（正しくは、お裾分けしてもらった）トマトが、甘くてフレッシュで最高に美味しい〜〜〜〜🍅🍅小ぶりのが10こくらい入って300円だった🥰,what i ate today|放浪中|2019,1,751727843130703872_0.jpg,751727843130703872.html
2019/05/09,"May 9th, 2019 12:00am",2019,05,,今日は #アイスの日 ということで。 これ、すごく美味しかったー！😋 #アイスクリームの日 #チョコミント #チョコミン党,what i ate today|放浪中|2019,1,751727873261551616_0.jpg,751727873261551616.html
2019/05/09,"May 9th, 2019 12:00am",2019,05,,湯布院で美味しいお肉が食べたいなら！豊後牛はもちろん、新鮮な活き造りも楽しめる焼肉屋さん「和作」が断然オススメ✨ それなりのお値段だけど、きっと納得&満足いくはず💕個人的に、カルビと、タンとタンとタン😆が最高に美味でした…！！盛り付けもきれい！😊最高〜！！,what i ate today|放浪中|2019,4,751728355686137856_0.jpg|751728355686137856_1.jpg|751728355686137856_2.jpg|751728355686137856_3.jpg,751728355686137856.html
2019/05/17,"May 17th, 2019 12:00am",2019,05,,個人的に、最強とろとろ湯（メタケイ酸をたっぷり含んだ美肌の湯）は湯布院の泰葉さんです、今のところ。あくまで個人的な体感の話ね。 束の間も風の森も大好きで何度も行ってるけど、泰葉はそれ以上にぬめりが強い感じ。 別府のいちのいで会館は営業再開してるんだろうか？リベンジしたい…,放浪中|2019,2,751728390528204800_0.jpg|751728390528204800_1.jpg,751728390528204800.html
2019/05/20,"May 20th, 2019 12:00am",2019,05,,４月末に栃木の友人宅に泊まりに行ったときに食べてから、シリアルにハマってて。 もともと牛乳はあまり好きじゃないから、たぶん、いま人生で一番牛乳飲んでる（笑）,what i ate today|放浪中|2019,2,751728483336634368_0.jpg|751728483336634368_1.jpg,751728483336634368.html
2019/06/03,"June 3rd, 2019 12:00am",2019,06,,ずっと気になっていた日田やきそば！ 太めの麺は、もちもちカリカリ😋 #みくま飯店 #おいでひた #日田グルメ,what i ate today|放浪中|2019,1,751728521536274432_0.jpg,751728521536274432.html
2019/06/16,"June 16th, 2019 12:00am",2019,06,,6/6 湯布院の金鱗湖ちかくに、新しくタピオカが飲めるカフェができた😊,what i ate today|放浪中|2019,1,751728571046920193_0.jpg,751728571046920193.html
2019/06/23,"June 23rd, 2019 12:00am",2019,06,,初の九州しょうゆじゃがりこ！ めっちゃ九州しょうゆ。九州しょうゆすぎて、半分までは美味しい。そこから結構クドい。2/3くるとツラい。 一気に食べるやつじゃない〜,what i ate today|放浪中|2019,1,751728624760225792_0.jpg,751728624760225792.html
2019/06/27,"June 27th, 2019 12:00am",2019,06,,国際線の出発ロビーで朝マック。 海外旅行の気分…だけ味わう😂,放浪中|2019,1,751728648891039744_0.jpg,751728648891039744.html
2019/06/28,"June 28th, 2019 12:00am",2019,06,,"6/26 私の大好きな麻婆豆腐😘 実家に戻ったら、これだけは絶対に食べにいく！って決めてた
#雲林坊 #麻婆豆腐 #日本橋グルメ",what i ate today|2019,1,751728725609086976_0.jpg,751728725609086976.html
2019/07/05,"July 5th, 2019 12:00am",2019,07,,7/3 お休みの日。外は雨で、まったりゲームするのにちょうどいい日だった〜☔ランチは、お気に入りの燻製屋さんで。,what i ate today|放浪中|2019,1,751728776627486720_0.jpg,751728776627486720.html
2019/07/08,"July 8th, 2019 12:00am",2019,07,,今朝…というか、お昼の食事。 シリアルとアボカド🥑,what i ate today|2019,1,751728816088645632_0.jpg,751728816088645632.html
2019/07/08,"July 8th, 2019 12:00am",2019,07,,病院に向かってるんだけど、つい、あちこちで写真を撮りはじめてしまうので、ちっとも進まない😂,放浪中|2019,1,751728846052687872_0.jpg,751728846052687872.html
2019/07/08,"July 8th, 2019 12:00am",2019,07,,食後に中国茶。IKEAでガラスポット買ってよかったー😊私、ガブガブ飲むので、前使ってた一人用は小さくて…。,2019,1,752361703149289472_0.jpg,752361703149289472.html
2019/07/09,"July 9th, 2019 12:00am",2019,07,,本日一食目、シリアルとプロテイン10g。 シリアルは、せめて糖分少ないやつに変えるべきなんだろうなぁ〜。豆シリーズ、お気に入りなんだけど😢 プロテインは今日から。毎日飲もう。,what i ate today|2019,1,751728875487346688_0.jpg,751728875487346688.html
2019/07/10,"July 10th, 2019 12:00am",2019,07,,こんな安く地元の野菜が😚 実際には更に３割引だったので、本当にお買い得だった！😲,放浪中|2019,1,751728900211621888_0.jpg,751728900211621888.html
2019/07/14,"July 14th, 2019 12:00am",2019,07,,今夜はひとり窓辺懐石😂 和牛の陶板焼だけもらってきた,what i ate today|放浪中|2019,1,751729488398876672_0.jpg,751729488398876672.html
2019/07/24,"July 24th, 2019 12:00am",2019,07,,思う存分食べてお泊りゲーム会してきたので、ずっと買おうと思ってたヨガマット買って帰ってきた。 明日からworkoutじゃ😳 しかしね、ラーメン屋さんとか、たぶん１年ぶりじゃないかな…美味しかった……罪罪,what i ate today|放浪中|2019,4,751729634677227520_0.jpg|751729634677227520_1.jpg|751729634677227520_2.jpg|751729634677227520_3.jpg,751729634677227520.html
2019/07/24,"July 24th, 2019 12:00am",2019,07,,自分が今後、進むかもしれない道を見つけた。どうなるかまだ分からないけれど、ワクワクする。 それと、前に少しでも興味をもったものって、時間が経ってもまた興味を持つことが多いみたい。それなら早くやってみたほうがいいね。 さて、どうなるでしょう。動くのは自分、あとは巡り合わせだけ。,放浪中|2019|非公開,1,751729664688570368_0.jpg,751729664688570368.html
2019/07/28,"July 28th, 2019 12:00am",2019,07,,いいねぇ、登山日和だねぇ⛰,放浪中|2019,2,751729719968497664_0.jpg|751729719968497664_1.jpg,751729719968497664.html
2019/07/29,"July 29th, 2019 12:00am",2019,07,,SUP初体験😆😆 ヨガもSUPも初心者だけど、めちゃくちゃ楽しかった〜〜！落ちまくった（笑）これはハマりそう😂,放浪中|2019,3,751729770115563520_0.jpg|751729770115563520_1.jpg|751729770115563520_2.jpg,751729770115563520.html
2019/08/04,"August 4th, 2019 12:00am",2019,08,,エアコンを止めて窓を開けて、こういう音楽を流す朝。夏だ〜🌻,放浪中|2019,1,751729826193358848_0.jpg,751729826193358848.html
2019/09/19,"September 19th, 2019 12:00am",2019,09,,そういえば、８月の話ですけど😆博多小学校の前を通ったら…！「世界最強の戦国武将たち全員が集まった場所」だって🤩,放浪中|2019|fukuoka|trip,3,751729873697030144_0.jpg|751729873697030144_1.jpg|751729873697030144_2.jpg,751729873697030144.html
2019/09/19,"September 19th, 2019 12:00am",2019,09,,最近、プチ引っ越ししまして。 寮だけど、キッチンとお風呂のあるワンルームになったので、嬉しくて毎日自炊している😋,what i ate today|2019|放浪中,1,752353563547697152_0.jpg,752353563547697152.html
2019/09/22,"September 22nd, 2019 12:00am",2019,09,,台風の日🌀 お休み、ラッキー😗 あれしてる間に それとこれをこうして あれもして…,放浪中|2019,1,751729926811582464_0.jpg,751729926811582464.html
2019/09/27,"September 27th, 2019 12:00am",2019,09,,ストレスフルな日を過ごして疲労困憊な夜はアイスを食べがちです！😋これ、美味しかった！！！😋😋,what i ate today|放浪中|2019,1,751729950000873472_0.jpg,751729950000873472.html
2019/10/06,"October 6th, 2019 12:00am",2019,10,,"結婚式、最高だった。新婦入場から涙腺崩壊で、親友の美しさに何度も泣いてしまった😭 一人参加の子たちとも仲良くなれたし、本当に素敵な一日だった。 雨が降ったのは行きだけで、挙式が終わって外で写真を取る頃にはすっかり晴れて。 大分の皆にもお土産買えたし、なんか、もう、胸がいっぱいだ💓
親友とは高校の時のバイト友達なんだけど、そこから今までずっと途切れない不思議な縁。 当時、私はYUKIが大好きで、そういえば一緒にカラオケとかよく行ってたなぁ🎤なんて、思い出に浸りながら、お家に帰る。",2019,2,751729986286780416_0.jpg|751729986286780416_1.jpg,751729986286780416.html
2019/10/08,"October 8th, 2019 12:00am",2019,10,,呑気にうどん食べて、わらび餅のデザートまで楽しんでたら飛行機乗れなくなるところだった😂 ホントに乗れないと思って諦めたけど、いちおう急いでよかった😂おいしかった😂,what i ate today|放浪中|2019,1,751730143969591296_0.jpg,751730143969591296.html
2020/03/05,"March 5th, 2020 12:00am",2020,03,,桜ゼリーもらった🌸 弾力あるゼリー😊🌸 おいしい🌸🌸,what i ate today|2019,2,751731229432446976_0.jpg|751731229432446976_1.jpg,751731229432446976.html
2020/05/04,"May 4th, 2020 12:00am",2020,05,,ちゃちゃまるワールド,どうぶつの森|AnimalCrossing|ACNH|NintendoSwitch|2020|tweets,4,752371625248292864_0.jpg|752371625248292864_1.jpg|752371625248292864_2.jpg|752371625248292864_3.jpg,752371625248292864.html
2020/05/08,"May 8th, 2020 12:00am",2020,05,,"松山ケンイチと一緒にいたところを老婆の骸骨から追われる…っていう、最高で最悪な夢を見ました！！！😪
松ケンひさしぶり…！老婆は怖かったし、最後には何故か蛇で格闘したけど噛まれて微妙に痛かった！",2020|dream|text,0,,754443095237623808.html
2020/05/14,"May 14th, 2020 12:00am",2020,05,,"昨日、２年に渡るおおいた暮らしに終止符を打ちました！！😭 もともと転々として暮らすはずが、こんなにも長居したのは、この土地の魅力と住む人たちの暖かさが大きな理由だったと思う。 またコロナが落ち着いたら遊びに行くからねぇ😭♥️ #大分 #oita
オシャレで美味しいカフェもたくさんあるよ🤤♥️載せきれないけど、この２年で大好きなお店がたくさんできた。すでに恋しい…！
ここに来るまで、大分県がどんなところなのか全然知らなかった。春夏秋冬、それぞれ見どころが沢山あって飽きない場所だった。（地元の人は「何もない」と言うけど😂） 多くの人に大分の魅力を知ってほしいし、いつか観光に来たときには、是非レンタカーを借りていろんな所を回ってみてほしいな。
佐賀関、真玉海岸、別府湾 佐賀関の透明度には本当に驚いたし、別府湾の淡いグラデーションにはため息しか出なかった（無加工）
朝焼け、星空、夕暮れ
大分滞在の２年間は好奇心の塊だっし、何もかもが新鮮でちょっとしたことに感動してたので、スマホがパンクするほど写真と動画を撮り溜めてます！また放出します！",放浪中|2020|oita|感想文,20,751732144218537984_0.jpg|751732144218537984_1.jpg|751732144218537984_2.jpg|751732144218537984_3.jpg|751732144218537984_4.jpg|751732144218537984_5.jpg|751732144218537984_6.jpg|751732144218537984_7.jpg|751732144218537984_8.jpg|751732144218537984_9.jpg|751732144218537984_10.jpg|751732144218537984_11.jpg|751732144218537984_12.jpg|751732144218537984_13.jpg|751732144218537984_14.jpg|751732144218537984_15.jpg|751732144218537984_16.jpg|751732144218537984_17.jpg|751732144218537984_18.jpg|751732144218537984_19.jpg,751732144218537984.html
2020/05/20,"May 20th, 2020 12:00am",2020,05,,どうしても、ミスドの海老雲呑麺が食べたくて…30秒くらいで行けるところ、相当探し回ってた😇無事ありつけた〜,what i ate today|放浪中|2020,1,751732252757688320_0.jpg,751732252757688320.html
2020/06/24,"June 24th, 2020 12:00am",2020,06,,おやつ：コンソメポテト,what i ate today|2020,1,751732280915116032_0.jpg,751732280915116032.html
2020/10/07,"October 7th, 2020 12:00am",2020,10,,キャッチボールしたいけど、お兄ちゃんももうしないし、今後することもなさそう…なので、処分（売る）…なのか🥺,2020,1,751732323292151808_0.jpg,751732323292151808.html
2020/10/07,"October 7th, 2020 12:00am",2020,10,,よく分からないけど可愛い🤣,2020,1,751732352997326848_0.jpg,751732352997326848.html
2020/11/02,"November 2nd, 2020 12:00am",2020,11,,"初めて行ったセブンで、かつて無いほどのしつこいナナコ勧誘にあったんだけど😂怖いからもう行かない😂
と思ったら、ホットスナック買ったのに渡されてない…😕取りに戻る…",2022|日常|text,0,,754443206288097280.html
2020/11/03,"November 3rd, 2020 12:00am",2020,11,,"黒田充してきた😭💕
刀剣は上から日光一文字、圧切長谷部、安宅切。それから、一の谷形兜うぉお〜〜〜🥳閉館一時間前に行ったので、めちゃくちゃ空いてた👏🏻
あと妙に可愛かった牛さん。 見たことないくらい大きい兜、大きすぎて笑った😂頭に対してこの長さの脇立…腕の2倍くらいある？これ以上に大きい兜ってあるのかな🤔",放浪中|2020,7,751732423177420800_0.jpg|751732423177420800_1.jpg|751732423177420800_2.jpg|751732423177420800_3.jpg|751732423177420800_4.jpg|751732423177420800_5.jpg|751732423177420800_6.jpg,751732423177420800.html
2020/11/05,"November 5th, 2020 12:00am",2020,11,,やっぱりベビーオイル合わないのかも…🤔最近は洗顔料で落とすようにしてたけど、肌荒れしてきてしまった😭 前から使ってるアルガンオイルはめっちゃ合うんだよね。暫く中止してまた落ち着いたら再開検討しよ〜〜。か,2020,1,751732470283714560_0.jpg,751732470283714560.html
2020/11/08,"November 8th, 2020 12:00am",2020,11,,やっと鬼滅みてきたんだけど、しばらく引きずりそうです…(つ∀-)ｵﾔｽﾐｰ,放浪中|2020,1,751732499052462080_0.jpg,751732499052462080.html
2020/11/08,"November 8th, 2020 12:00am",2020,11,,このツイートしたあと、急いで緑のユースキン探しに行った！私の救世主👏🏻 冗談じゃなく、炎症が驚きの速さで治まる。肌荒れに悩んでた頃はいろいろ試したけどダメで、まさかユースキンが効くとは。ハンドクリームの印象しかなかった。 知らぬ間にリニューアルしてた！,2020,2,752361871928082432_0.jpg|752361871928082432_1.jpg,752361871928082432.html
2020/11/09,"November 9th, 2020 12:00am",2020,11,,リングフィット２日目！ アーモンドミルクでザバスのリッチショコラ飲んでみた！水で飲むよりも濃厚でアーモンドの香りがして美味しいんだけど、甘すぎてしんどい😂😂 豆乳がいいのかなぁ〜。今までずっと水だったからそれでもいいんだけど、やっぱりミルク系で割ると美味しさが増すね。,what i ate today|放浪中|2020,1,751732543235211264_0.jpg,751732543235211264.html
2020/11/17,"November 17th, 2020 12:00am",2020,11,,#見た人もなにか動画を無言であげる,video|2020|oita,0,,751732654739718144.html
2021/06/09,"June 9th, 2021 12:00am",2021,06,,３億年ぶりにミシン触った…,2020,2,751732670305845249_0.jpg|751732670305845249_1.jpg,751732670305845249.html
2021/07/14,"July 14th, 2021 12:00am",2021,07,,#見た人も何か無言で橋をあげる,2021,4,751732794585169920_0.jpg|751732794585169920_1.jpg|751732794585169920_2.jpg|751732794585169920_3.jpg,751732794585169920.html
2022/03/25,"March 25th, 2022 12:00am",2022,03,,"松山ケン、佐原で撮影してたってことー？！ﾎﾜﾜﾜﾜﾜﾜ😳😳😳
先行上映のチケットまだあるのかな😳😳😳",2022|日常|text,0,,752370713340641280.html
2022/04/10,"April 10th, 2022 12:00am",2022,04,,"IOLITE
実はこの翌日にチケット買いに行って、今日観てきた😊松ケンで飛びついたんだけど立川志の輔の落語が原作だったんだね。 忠敬さんの映画と思って見たけど、違った！いい意味で全然違った！！名脇役たちの胸熱ムービーでした。。。 クスッと笑えるところもあるんだけど、ラストでぼろぼろ泣いたわ😂
舞台挨拶とかめちゃくちゃ久しぶりだったなぁ。 📷中西監督、宇井市長、測量隊のひとりを演じる和田正人さん。 聞きたい話が色々と聞けて大満足だったんだけど、特にうんうんと頷いたのは、そこにはいない伊能忠敬の存在感にまつわる話だったな。
これは個人的なアレ（？）なんですが。 映画の後に伊能忠敬記念館に行って知った、景保の最期よ……😂 映画で泣かせといて、史実これ？！って。記念館で「オイッ🤗」ってツッコミいれてしまったよね… 何があったんだろう🤔笑",2022|感想文,5,752370793275588608_0.jpg|752370793275588608_1.jpg|752370793275588608_2.jpg|752370793275588608_3.jpg|752370793275588608_4.jpg,752370793275588608.html
2022/04/20,"April 20th, 2022 12:00am",2022,04,,"#関ケ原合戦絵巻2018
リハから部活みたいで楽しかった🥺",2021|関ヶ原|sekigahara|非公開,1,751733046938681344_0.jpg,751733046938681344.html
2022/04/24,"April 24th, 2022 12:00am",2022,04,,大好きなACEクラッカー。まさかのダイソーで売ってた😳（マキシムコーヒーが最高に合う）,2022|what i ate today,1,770783854420164608_0.jpg,770783854420164608.html
2022/07/09,"July 9th, 2022 12:00am",2022,07,,胸がいっぱい…本当に幸せ……。言いたいことはみんながもう言ってくれているので、いいねしながらひたすらウンウンと頷くのみ🥹この幸せ噛みしめて、今日は眠る…💎,lifework|2022|shinee,1,756256706614411264_0.jpg,756256706614411264.html
2022/08/04,"August 4th, 2022 12:00am",2022,08,,いいものを食べてほしくてアカナを与えてるけど、どうやってもそれだけじゃ食べてくれない🥹ネットで混ぜもの頼まないと,2022|cat,1,751733102978711552_0.jpg,751733102978711552.html
2022/08/05,"August 5th, 2022 12:00am",2022,08,,金曜はメキシカン丼。 チーズよりハラペーニョだと確信。,what i ate today|2022,1,751733129446932480_0.jpg,751733129446932480.html
2022/08/07,"August 7th, 2022 12:00am",2022,08,,歯が痒いのか度が過ぎるのでカミカミおもちゃにすり替え作戦✊,cat|2022|video,0,,751733245859741696.html
2022/08/14,"August 14th, 2022 12:00am",2022,08,,来ないで月曜日わたしまだ遊びたい,cat|2022,1,751733234141937665_0.jpg,751733234141937665.html
2022/08/15,"August 15th, 2022 12:00am",2022,08,,私のララバイプレイリスト流した途端これ,cat|2022,1,751733261384974336_0.jpg,751733261384974336.html
2022/08/18,"August 18th, 2022 12:00am",2022,08,,朝５時にゴロゴロちゅぱちゅぱ始まって起こされたけど可愛いからヨシ,2022|cat,1,751733292460539904_0.jpg,751733292460539904.html
2022/08/22,"August 22nd, 2022 12:00am",2022,08,,夜中の3時、ネコサンに髪の毛をﾑｯﾁｬﾑﾁｬﾑﾁｬﾑﾁｬされても夢の中だったけど、亡き愛犬の遺品ボックスぶっ飛ばされた瞬間にｳﾇｫｱｰｱｱｱｰｰｰｰ!!!!って飛び起きた,2022|cat|日常|text,0,,752370232013750272.html
2022/08/24,"August 24th, 2022 12:00am",2022,08,,シナモンアップルがニッコリする美味しさだった☺️,what i ate today|2022,1,751733359122743296_0.jpg,751733359122743296.html
2022/08/25,"August 25th, 2022 12:00am",2022,08,,寝ても寝ても ﾆｬﾑｲ,cat|2022,1,751733385222815744_0.jpg,751733385222815744.html
2022/08/26,"August 26th, 2022 12:00am",2022,08,,ハラヘリーニョ,what i ate today|2022,1,751733420578766848_0.jpg,751733420578766848.html
2022/08/26,"August 26th, 2022 12:00am",2022,08,,勝手にひとのスマホでジャスティン・ビーバーのインスタ開くねこ,2022|cat,1,751733444224122880_0.jpg,751733444224122880.html
2022/08/28,"August 28th, 2022 12:00am",2022,08,,産まれたてのサボテンちゃん八つ裂きにされるとこだった（まさかまさかの本日開封）,cat|2022,1,751733476978524160_0.jpg,751733476978524160.html
2022/09/03,"September 3rd, 2022 12:00am",2022,09,,おはのよう,cat|2022,1,751733502046879744_0.jpg,751733502046879744.html
2022/09/04,"September 4th, 2022 12:00am",2022,09,,年末みたいな大掃除してしまったよと噛みちぎられたストラップ,cat|2022,2,751733533324787712_0.jpg|751733533324787712_1.jpg,751733533324787712.html
2022/09/06,"September 6th, 2022 12:00am",2022,09,,ごろちゅぱ,cat|2022|video,0,,751733656938217472.html
2022/09/07,"September 7th, 2022 12:00am",2022,09,,毛根からやっつけるタイプの猫,cat|video|2022,0,,752448111492890625.html
2022/09/10,"September 10th, 2022 12:00am",2022,09,,"幸せのためにいきましょ〜〜〜
たまごサンド（厚焼系）は、きっと人生通してもキャメルバックのやつしか食べないんじゃないかなーと思う。",what i ate today|2022|cafe|lifework|shinee,1,751733619560677376_0.jpg,751733619560677376.html
2022/09/11,"September 11th, 2022 12:00am",2022,09,,興味があるけど 嫌な存在 コロコロ,cat|video|2022,0,,752447979402690560.html
2022/09/11,"September 11th, 2022 12:00am",2022,09,,秋夕。代々木の帰り。 満月が美しかった❤️,lifework|2022|shinee,1,756256657414209536_0.jpg,756256657414209536.html
2022/09/17,"September 17th, 2022 12:00am",2022,09,,一文字ずつって言われたら普通こうなりますよな？！私が間違ってるんじゃないかと半信半疑でゆっくり入力してたから、三文字目で止めてくれてよかった😂,2022|日常,1,751733678344912896_0.jpg,751733678344912896.html
2022/09/21,"September 21st, 2022 12:00am",2022,09,,"自分と同じくらいのフットワークで
自分と同じような趣味の仲間がほしい
つまり自分がもう一人ほしいけど
同じように気まぐれだろうから　別行動な",2022|text,0,,752369727011274752.html
2022/09/22,"September 22nd, 2022 12:00am",2022,09,,ねーーこ,cat|2022,1,751733711102492672_0.jpg,751733711102492672.html
2022/09/22,"September 22nd, 2022 12:00am",2022,09,,生野菜モリモリ摂取メシ,what i ate today|2022,1,751733739210620928_0.jpg,751733739210620928.html
2022/09/23,"September 23rd, 2022 12:00am",2022,09,,そういやぁ猫餌嘆きツイートの後からアカナだけでも食べてくれるようになったけど、食いつく程でもなく。おまけのオリジンはよく食べたけど、継続することを考えて今回からニュートロにしてみた。,cat|2022,1,751733768604270592_0.jpg,751733768604270592.html
2022/09/27,"September 27th, 2022 12:00am",2022,09,,ビタミンC消失率についての謎ページを読んでたんだけど、文章の途中からピタミソＣって誤字りだしたのはまだ良くて、「野菜別のピタミソＣ消失率」ではピーマン、こまつな、チソゲソ菜、、って面白すぎて駄目だった…どうやったらこんな誤字がおきるんだ,2022|日常|text,0,,752369633944879104.html
2022/09/28,"September 28th, 2022 12:00am",2022,09,,"家族旅行の宿いくつかリストアップしたら、そのうちの１つを見た親「あ、ここは（祖父が）毒盛られたところだからダメ」
ちなみに毒持った犯人はそのあと自分の身内を２人も手にかけたとかで、祖父に毒持った３年後に逮捕されニュースになってたらしい。",2022|日常|text,0,,752369563410251776.html
2022/09/29,"September 29th, 2022 12:00am",2022,09,,猫の喉毛と胸毛が好き　胸毛？胸毛というか鳩胸毛？　ここ,cat|2022,1,751733803050991616_0.jpg,751733803050991616.html
2022/09/30,"September 30th, 2022 12:00am",2022,09,,金曜だからハラヘリーニョしたいけど週末のために野菜爆盛メシ,what i ate today|2022,1,751733830067650560_0.jpg,751733830067650560.html
2022/09/30,"September 30th, 2022 12:00am",2022,09,,疲れてやさぐれちゃった日は帰宅後すぐに猫猫するように。,cat|2022,1,751733858627665920_0.jpg,751733858627665920.html
2022/10/02,"October 2nd, 2022 12:00am",2022,10,,,cat|2022,1,751733881492865024_0.jpg,751733881492865024.html
2022/10/02,"October 2nd, 2022 12:00am",2022,10,,本日より１日２粒せんとぅるむ,what i ate today|2022,1,751733903584329728_0.jpg,751733903584329728.html
2022/10/02,"October 2nd, 2022 12:00am",2022,10,,いにしえのシールたちがどうしても断捨離できないので、使いまくることにした。 まず夜の炭水化物抜きにシール。あと必要なの筋トレなぁあぁああぁ,2022,2,751733937593794560_0.jpg|751733937593794560_1.jpg,751733937593794560.html
2022/10/03,"October 3rd, 2022 12:00am",2022,10,,貴重な一枚です #全米が泣いた股を開いたねこ選手,cat|2022,1,751733971189104640_0.jpg,751733971189104640.html
2022/10/04,"October 4th, 2022 12:00am",2022,10,,パンデッ,what i ate today|2022,1,751734025682649088_0.jpg,751734025682649088.html
2022/10/05,"October 5th, 2022 12:00am",2022,10,,今すぐこれになりたい,cat|2022,1,751734053822218240_0.jpg,751734053822218240.html
2022/10/06,"October 6th, 2022 12:00am",2022,10,,ほう,cat|2022|video,1,751734160640688128_2.jpg,751734160640688128.html
2022/10/08,"October 8th, 2022 12:00am",2022,10,,きょうは夜ふかしちゃん。 てれびのまえでどきどき。 #LoMアニメ,2022,1,751734157307199488_0.jpg,751734157307199488.html
2022/10/13,"October 13th, 2022 12:00am",2022,10,,ちいかわの韓国語版タイトル「モンザギ」に取り憑かれてるわい,2022|日常|text,0,,752369041353703424.html
2022/10/20,"October 20th, 2022 12:00am",2022,10,,寝起きと帰宅後の撫で要求がすごい腕チュパ次郎,cat|2022,1,751734196123369472_0.jpg,751734196123369472.html
2022/10/21,"October 21st, 2022 12:00am",2022,10,,めちゃ久しぶりに金曜ペーニョ,what i ate today|2022,1,751734227465371648_0.jpg,751734227465371648.html
2022/10/22,"October 22nd, 2022 12:00am",2022,10,,"ちーっちゃいザクロがなーったよー花もさーいたよー
ケイトウ もきれいーだよー",2022,2,754441009324294144_0.jpg|754441009324294144_1.jpg,754441009324294144.html
2022/10/23,"October 23rd, 2022 12:00am",2022,10,,チャオプラヤー川という単語が頭から離れなくなって今日で５日目,2022|日常|text,0,,752368891414609920.html
2022/10/25,"October 25th, 2022 12:00am",2022,10,,,cat|2022,1,751734254622359552_0.jpg,751734254622359552.html
2022/10/30,"October 30th, 2022 12:00am",2022,10,,こりゃうま,what i ate today|2022|trip,1,751734280586166272_0.jpg,751734280586166272.html
2022/10/31,"October 31st, 2022 12:00am",2022,10,,"秋の甲信とてもよかった🍁
忘れがたきコーヒーモンブラン
着いて早々に食べた素敵なお店の素敵なハンバーガー、ボリュームが素敵すぎてホテルの夕食まで満腹だった素敵",2022|trip|what i ate today,9,751734332964634624_0.jpg|751734332964634624_1.jpg|751734332964634624_2.jpg|751734332964634624_3.jpg|751734332964634624_4.jpg|751734332964634624_5.jpg|751734332964634624_6.jpg|751734332964634624_7.jpg|751734332964634624_8.jpg,751734332964634624.html
2022/11/03,"November 3rd, 2022 12:00am",2022,11,,職人の下っ腹が唸りをあげながら茶ばんでるっていう話、笑いすぎて車を止めざるを得なかった,2022|日常|text,0,,752368789176352768.html
2022/11/06,"November 6th, 2022 12:00am",2022,11,,"特急あずさでゴメちゃん回みてしまって号泣した女
その隣でゲームボーイする男",2022|日常|text,0,,752368734386126848.html
2022/11/07,"November 7th, 2022 12:00am",2022,11,,この週末は特になにもしない２日間で、とっても良かったなぁ（いってきます）,cat|2022,1,751734367726026752_0.jpg,751734367726026752.html
2022/11/08,"November 8th, 2022 12:00am",2022,11,,そういえば、小さい頃にタッキーにファンレター送ったことがあってプリクラみたいなシールと一緒に返事が返ってきたんだけど、あのきれいな字は誰の字だったのか,2022|text,0,,754442004876902400.html
2022/11/15,"November 15th, 2022 12:00am",2022,11,,本日の野菜爆盛飯、男性店員さんにより爆盛に拍車がかかってるね,what i ate today|2022,1,751734408156954624_0.jpg,751734408156954624.html
2022/11/23,"November 23rd, 2022 12:00am",2022,11,,雨の休の日のPAULだし森彦だしウマだし,what i ate today|2022,1,751734440754118656_0.jpg,751734440754118656.html
2022/11/23,"November 23rd, 2022 12:00am",2022,11,,４季,2022,1,751734463483002880_0.jpg,751734463483002880.html
2022/11/23,"November 23rd, 2022 12:00am",2022,11,,行列に並んで食べたとんかつ屋。食事はいいが店員に対する口コミが散々だったのでビクビクして行ったけど普通だったし誠に美味でございまセンキュー！って感じ。,what i ate today|2022,1,751734491518795776_0.jpg,751734491518795776.html
2022/11/25,"November 25th, 2022 12:00am",2022,11,,金ﾆｮ,what i ate today|2022,1,751734527970443264_0.jpg,751734527970443264.html
2022/11/26,"November 26th, 2022 12:00am",2022,11,,キノピオの想像以上に可愛かったー！,2022,1,751734565108858880_0.jpg,751734565108858880.html
2022/11/26,"November 26th, 2022 12:00am",2022,11,,"猫吸い…私もやってみたかったんだよね…（念願）
と思って吸ってみたら、
すごい勢いで髪の毛むしられた ｺﾜｲ",cat|日常|2022|text,0,,752368418128314368.html
2022/11/28,"November 28th, 2022 12:00am",2022,11,,ちいかわランド入国してきたー！！推しのモモンガはあまりなかったけど色々買ったぞー！時計はどれ出ても嬉しいと思ってたけど、ウサギの醸し出す余裕な感じが面白くてﾜｰｲww,2022,3,751734607021490176_0.jpg|751734607021490176_1.jpg|751734607021490176_2.jpg,751734607021490176.html
2022/11/28,"November 28th, 2022 12:00am",2022,11,,これは友達がプレゼントしてくれたやつ🥹悩んだけど、フシギダネ、君に決めた！あんよ可愛すぎ,2022,3,751734678753558528_0.jpg|751734678753558528_1.jpg|751734678753558528_2.jpg,751734678753558528.html
2022/11/28,"November 28th, 2022 12:00am",2022,11,,"大量の茹で卵を完食しなきゃ連れの足切るぞって言われて半泣きで殻を剥きまくった（夢）
卵の殻がきれいに剝けないしまだ1つも食べてないのに、何個食べたか分からないじゃん〜って半べそかいてたら、途中からキュウリとパクチーが混ざってきて、これマヨネーズもあればいけるんじゃね…？みたいになった（夢）",2022|日常|dream|text,0,,752368091276640256.html
2022/11/29,"November 29th, 2022 12:00am",2022,11,,☃,what i ate today|2022,1,751734709535621120_0.jpg,751734709535621120.html
2022/12/02,"December 2nd, 2022 12:00am",2022,12,,"今日、若いおとこが私の両鼻に綿棒突っ込んできたけど、力抜いて…って優しく囁かれたら節々の痛みなんて和らいじゃうね
高熱の割に倦怠感や頭痛もなくて、唯一つらかったのが喉の痛み。意外と咳が出なかったのでかなりラクな方だったと思う。
最後の３日間だけ完全に味覚がなくなったんだけど、たこ焼き食べてる時に急に治ったの体験としてめちゃくちゃ面白かったな",2022|日常|コロナ|text,0,,752367844428234752.html
2022/12/12,"December 12th, 2022 12:00am",2022,12,,ウーパールーパーのような👹 なまはげクッキー👹,what i ate today|2022,1,751734748824649728_0.jpg,751734748824649728.html
2022/12/14,"December 14th, 2022 12:00am",2022,12,,いじんぎはぴば…ﾍﾍｯ,what i ate today|2022,1,751734776877236224_0.jpg,751734776877236224.html
2022/12/21,"December 21st, 2022 12:00am",2022,12,,来年はもうちょっと化学に頼るその為の準備…スタンス変わっても松山油脂ラブ,2022,1,751734809225789440_0.jpg,751734809225789440.html
2022/12/23,"December 23rd, 2022 12:00am",2022,12,,せわしなきボーナスタイム,what i ate today|2022,1,751734843707162624_0.jpg,751734843707162624.html
2022/12/23,"December 23rd, 2022 12:00am",2022,12,,The Last Jalapeño -2022-,what i ate today|2022,1,751734869939421184_0.jpg,751734869939421184.html
2022/12/23,"December 23rd, 2022 12:00am",2022,12,,サムなので肩幅1.5倍のモコモココートを着てぬくぬく〜〜と思ったのは私だけではないようで本日はモコモコぎゅうぎゅう列車,2022|日常|text,0,,752367505037737984.html
2022/12/23,"December 23rd, 2022 12:00am",2022,12,,サムなので肩幅1.5倍のモコモココートを着てぬくぬく〜〜と思ったのは私だけではないようで本日はモコモコぎゅうぎゅう列車,2022|日常|text,0,,758799787407687680.html
2022/12/25,"December 25th, 2022 12:00am",2022,12,,,2022,1,752367365371592704_0.jpg,752367365371592704.html
2022/12/26,"December 26th, 2022 12:00am",2022,12,,見た目によらずボリューミィな肉を食べ、不用品処分したり来年の手帳買ったりなんだり充実してた！ なんといっても来年の大阪公演のチケットがご用意された!!!ので、急いでフライト予約したぜサイコー🕺,what i ate today|2022,1,751736664454479872_0.jpg,751736664454479872.html
2022/12/30,"December 30th, 2022 12:00am",2022,12,,モツ鍋パーリナイ 〜猫に見張られて〜,cat|what i ate today|2022,2,751738696600027136_0.jpg|751738696600027136_1.jpg,751738696600027136.html
2022/12/30,"December 30th, 2022 12:00am",2022,12,,やっと会えたぜ,2022|what i ate today|非公開,1,752367328738639872_0.jpg,752367328738639872.html
2023/01/02,"January 2nd, 2023 12:00am",2023,01,,アボカドペペチ作って、お！うまっ……ァー辛ッッッァーうまからァーッッてなったので今年の珈琲初めで〆,what i ate today|cafe|2022,1,751823749589942272_0.jpg,751823749589942272.html
2023/01/03,"January 3rd, 2023 12:00am",2023,01,,"iolite36 :
そういえば、小さい頃にタッキーにファンレター送ったことがあってプリクラみたいなシールと一緒に返事が返ってきたんだけど、あのきれいな字は誰の字だったのか
そういえば、小さい頃にタッキーにファンレター送ったことがあってプリクラみたいなシールと一緒に返事が返ってきたんだけど、あのきれいな字は誰の字だったのか
そして：発掘されるひであきくん、、可愛すぎィ",2023|text,1,754442177149648896_0.jpg,754442177149648896.html
2023/01/04,"January 4th, 2023 12:00am",2023,01,,今すぐこれになりたい,cat|2022|video,0,,751823851535630336.html
2023/01/05,"January 5th, 2023 12:00am",2023,01,,専務からツマガリった🍪 袋かわいい,2022,1,751823851533500416_0.jpg,751823851533500416.html
2023/01/06,"January 6th, 2023 12:00am",2023,01,,ﾍﾟﾆｮ初め,what i ate today|2022,1,751823892931330048_0.jpg,751823892931330048.html
2023/01/07,"January 7th, 2023 12:00am",2023,01,,現場でトレーディング商品買うのひっさしぶりでドキドキしちゃったね,2022,1,751823923567640576_0.jpg,751823923567640576.html
2023/01/07,"January 7th, 2023 12:00am",2023,01,,これは買っちゃう買っちゃう,2022,3,751823952814473216_0.jpg|751823952814473216_1.jpg|751823952814473216_2.jpg,751823952814473216.html
2023/01/11,"January 11th, 2023 12:00am",2023,01,,(∩´∀｀)∩ﾜｰｲ!!,2022,4,751824135906263040_0.jpg|751824135906263040_1.jpg|751824135906263040_2.jpg|751824135906263040_3.jpg,751824135906263040.html
2023/01/14,"January 14th, 2023 12:00am",2023,01,,"そろった！やっぱりこの絵柄かわいいー
ぴったり５つしか買わなかったのに、レディパールがダブっただけで、シャイロお迎えできたしダブりはお譲りできたし優秀すぎた
お会計時のランダムカードも瑠璃だったすごいすごい",2022,1,751824166912704512_0.jpg,751824166912704512.html
2023/01/14,"January 14th, 2023 12:00am",2023,01,,"はい最高グッズが存在してることが最高
この約20年、グッズってそのジュエリーボックスと雑なつくりの瑠璃真珠フィギュアしかなかったの…ウケるね……",2022,1,751824200312012800_0.jpg,751824200312012800.html
2023/01/17,"January 17th, 2023 12:00am",2023,01,,"同車両乗車中の皆様にMILABOの前奏を聴いていただいた。
私は音が遠いなーと思いながら目を瞑っていた。恥ずかしすぎる。",2023|日常|text,0,,752366864493150208.html
2023/01/28,"January 28th, 2023 12:00am",2023,01,,ちいかわ読んでホクホクした！🥹 またいやな気持ちになる前に今日はもう寝よう,2022,1,751824224112508928_0.jpg,751824224112508928.html
2023/01/29,"January 29th, 2023 12:00am",2023,01,,わ～～～ーい,2022,1,751824248362893312_0.jpg,751824248362893312.html
2023/02/15,"February 15th, 2023 12:00am",2023,02,,"結構な満員電車の中でアイメイクする女と長い髪を梳かす女を後ろからガン見する私をガン見するおじさんの朝
洗いざらしで寝てしまったようなゴワゴワのロングヘアーに対抗するタングルティーザーの威力を見せていただき、大変興味深いでした！",2023|日常|text,0,,752366638838448128.html
2023/02/19,"February 19th, 2023 12:00am",2023,02,,週末はイタリアみたいなとこでご飯食べて広大な畑を眺めながらコーヒー飲んだ。春も来たい。,2023,4,751824325799198720_0.jpg|751824325799198720_1.jpg|751824325799198720_2.jpg|751824325799198720_3.jpg,751824325799198720.html
2023/02/20,"February 20th, 2023 12:00am",2023,02,,週末のイタリア旅行は、もりやの飲むヨーグルトが目的でした！美味しくてビックリした！,what i ate today|2023,1,751824365383991296_0.jpg,751824365383991296.html
2023/02/21,"February 21st, 2023 12:00am",2023,02,,本日の野菜爆盛飯、途中で大破。お箸で食べるサンドイッチは結構美味しかった。,what i ate today|2023,1,751824405372534784_0.jpg,751824405372534784.html
2023/02/22,"February 22nd, 2023 12:00am",2023,02,,ネコー・ネコノヒー,cat|2023,1,751824434497748992_0.jpg,751824434497748992.html
2023/02/24,"February 24th, 2023 12:00am",2023,02,,会社にイケナイもの持ってきちゃった🤗,what i ate today|2023,1,751824466691178496_0.jpg,751824466691178496.html
2023/02/27,"February 27th, 2023 12:00am",2023,02,,"〇〇さん、電話だよーと
別部署の人に言われたので
はい、お電話替わりました。
って言いながら起きた（夢）",2023|dream|text,0,,752366444408373248.html
2023/03/01,"March 1st, 2023 12:00am",2023,03,,わかる漢委奴国王印は想像してた1/5サイズだった,2023,2,752366383961079808_0.jpg|752366383961079808_1.jpg,752366383961079808.html
2023/03/02,"March 2nd, 2023 12:00am",2023,03,,たまにはこんな朝もあるよね…って朝からお高くて小さいパイナップルケーキ食べてしまったね🍍,2023|what i ate today,1,752366291631964160_0.jpg,752366291631964160.html
2023/03/13,"March 13th, 2023 12:00am",2023,03,,大阪！めちゃめちゃ楽しくてあっという間だった！ホテル良かった！！！夜にふらふら食べ歩いた230円のかけうどんが地味に美味しかった！！！たこ焼き、思いがけず頂いたベビーカステラ、ホットク、豚まん、全て美味しかった！！しかしまたしても体調不良…🥲ハードスケジュールすぎたな！！！,osaka|trip|2023|lifework|shinee,4,751824581903384576_0.jpg|751824581903384576_1.jpg|751824581903384576_2.jpg|751824581903384576_3.jpg,751824581903384576.html
2023/03/15,"March 15th, 2023 12:00am",2023,03,,今からこれです,2023|lifework,1,751824612772478976_0.jpg,751824612772478976.html
2023/03/15,"March 15th, 2023 12:00am",2023,03,,んぉおおおおお😭😭😭❤️❤️❤️❤️❤️❤️❤️,2023|lifework|shinee,1,751824654438629376_0.jpg,751824654438629376.html
2023/03/17,"March 17th, 2023 12:00am",2023,03,,allureのインタビュー泣く😭😭,2023|lifework|shinee,1,751824701820731392_0.jpg,751824701820731392.html
2023/03/17,"March 17th, 2023 12:00am",2023,03,,RT @non_nonconi : 念願のペン型ペンライトSHINee5人並べられた😭💎✨ #SHINee#onew#jonghyun#taemin#minho#key#샤이니,lifework|2023|RT|shinee,0,,756261810934530048.html
2023/03/26,"March 26th, 2023 12:00am",2023,03,,松山油脂のリニューアル商品のモニターが当選して使ってたんだけど、思ったより倍率高くてびっくりした。自分の回答が採用されるかちょっと気にしてる,2023|日常,1,752366237137387520_0.jpg,752366237137387520.html
2023/03/27,"March 27th, 2023 12:00am",2023,03,,私はINFJにISTPが混ざったようなキモイ人間なんですけど、これすぎて昨日の夜一人で笑ってた,2023,2,751824737138769920_0.jpg|751824737138769920_1.jpg,751824737138769920.html
2023/03/27,"March 27th, 2023 12:00am",2023,03,,4.7㌔,cat|2023,1,751824771713515520_0.jpg,751824771713515520.html
2023/03/28,"March 28th, 2023 12:00am",2023,03,,セバスチャンの誕生日にプロポーズし、めでたく結婚しました（現実逃避）,2023,1,751824821656141824_0.jpg,751824821656141824.html
2023/03/31,"March 31st, 2023 12:00am",2023,03,,"ﾋｮｪｰ
誰よ アンタ",what i ate today|2023,2,751824853489860608_0.jpg|751824853489860608_1.jpg,751824853489860608.html
2023/04/05,"April 5th, 2023 12:00am",2023,04,,私の中の安生のようなやんわりクズ男が泣いている,reading|2023,1,751824885327757312_0.jpg,751824885327757312.html
2023/04/06,"April 6th, 2023 12:00am",2023,04,,今年は桜を見にいけなかったので,2023|oita,6,752366116951703552_0.jpg|752366116951703552_1.jpg|752366116951703552_2.jpg|752366116951703552_3.jpg|752366116951703552_4.jpg|752366116951703552_5.jpg,752366116951703552.html
2023/04/09,"April 9th, 2023 12:00am",2023,04,,黒ごまバナナ白玉つくって食べてたら苺もらったわーい🍓,what i ate today|2023,1,751824921706037248_0.jpg,751824921706037248.html
2023/04/10,"April 10th, 2023 12:00am",2023,04,,ｳﾑ,2023|what i ate today,1,752365979885010944_0.jpg,752365979885010944.html
2023/04/15,"April 15th, 2023 12:00am",2023,04,,espoir買うはずがTIRTIRシルバー小さいのあってそっち買,2023|what i bought,1,752365883584921600_0.jpg,752365883584921600.html
2023/04/16,"April 16th, 2023 12:00am",2023,04,,トイレいこ〜って歩いてたら発見しちゃったｳﾌ,2023|lifework|shinee,1,751824969352216576_0.jpg,751824969352216576.html
2023/04/18,"April 18th, 2023 12:00am",2023,04,,アイスカプチ〜ノ🔰,what i ate today|cafe|2023,1,751825003532746752_0.jpg,751825003532746752.html
2023/04/18,"April 18th, 2023 12:00am",2023,04,,ずっと気になってたインターメディアテクでぶらぶらした。いろんな骨がいっぱいあった。,2023,1,751825032678916097_0.jpg,751825032678916097.html
2023/04/18,"April 18th, 2023 12:00am",2023,04,,めちゃ美味しかった,what i ate today|2023,1,751825065527656448_0.jpg,751825065527656448.html
2023/04/26,"April 26th, 2023 12:00am",2023,04,,届いた！！下はゴムで調整できるとして上は流石にちょっと大きい…けど、推しのパジャマ借りてる気分味わえるのでアリ！！！！,2023|lifework|shinee,1,752358189748600832_0.jpg,752358189748600832.html
2023/04/29,"April 29th, 2023 12:00am",2023,04,,天気いいし外で遅モーニングよ☀,what i ate today|2023,2,751825117146923008_0.jpg|751825117146923008_1.jpg,751825117146923008.html
2023/04/30,"April 30th, 2023 12:00am",2023,04,,いいにく！,2023|what i ate today,2,752365659993849856_0.jpg|752365659993849856_1.jpg,752365659993849856.html
2023/05/01,"May 1st, 2023 12:00am",2023,05,,ずと飲みたかたやつ！おいひぃ！,what i ate today|2023,1,751825303594319872_0.jpg,751825303594319872.html
2023/05/03,"May 3rd, 2023 12:00am",2023,05,,超絶腹減起床,cat|2023,1,751825332189937664_0.jpg,751825332189937664.html
2023/05/03,"May 3rd, 2023 12:00am",2023,05,,ブラインド柄のねこ,cat|2023,1,751825358909784064_0.jpg,751825358909784064.html
2023/05/05,"May 5th, 2023 12:00am",2023,05,,芋ラテ飲みにいって、久しぶりに芝生に座ったら癒やされた！風が良かった🍃,what i ate today|2023,4,751825429661351936_0.jpg|751825429661351936_1.jpg|751825429661351936_2.jpg|751825429661351936_3.jpg,751825429661351936.html
2023/05/10,"May 10th, 2023 12:00am",2023,05,,ｷﾀｰｯ しかもおまけに飯店モモンガのハガキ付けてくれた…！🥹,2023,1,751825460870135808_0.jpg,751825460870135808.html
2023/05/18,"May 18th, 2023 12:00am",2023,05,,三└(┐卍^o^)卍ﾄﾞｩﾙﾙﾙﾙﾙ,2023,1,751825492996505602_0.jpg,751825492996505602.html
2023/05/18,"May 18th, 2023 12:00am",2023,05,,ぴーーーーー🫠,2023|lifework|shinee,1,751825518774648832_0.jpg,751825518774648832.html
2023/05/18,"May 18th, 2023 12:00am",2023,05,,"サヨナラ私の親知らず（左下）
動揺しすぎて隣の駅で降りて別病棟行ってしまった
初対面の人間に口の中いじられた挙げ句に奥歯抜かれんの怖すぎでは？
ビビり散らかしてたからか皆優しかった…
先生にもう終わってますからね〜って声掛けられて、絶対嘘だ！油断したらなんか来る！！って思ってたけど嘘じゃなかった。５分くらいで終了した。ありがとうございました。
麻酔って完全に感覚が無くなるわけじゃないんだね。我慢できる程度の歯が押されるような痛みはあった。それより縫合の方が糸が通る感覚とチクッとした痛みがあって嫌だった。麻酔自体は完全な無痛でした。",2023|日常|非公開|text,0,,752365567438192640.html
2023/05/23,"May 23rd, 2023 12:00am",2023,05,,これで午後を乗り切るしかないのであります,what i ate today|2023,1,751825548844597248_0.jpg,751825548844597248.html
2023/05/25,"May 25th, 2023 12:00am",2023,05,,"食事したら入らないよねっつって昼前からHERBSでケーキ食べた❣️最ッッッ高にボリューミィで美味でございましたーーー！！
そのあと丸ノ内お散歩からのキャラクターストリート。天気もいいしお喋り楽しかった。 カービィの刺繍キーホルダーかわいい！ボールペンは買うの我慢したんで、明日から持ってるやつメインで使おー。",what i ate today|2023,4,751825588492304384_0.jpg|751825588492304384_1.jpg|751825588492304384_2.jpg|751825588492304384_3.jpg,751825588492304384.html
2023/05/31,"May 31st, 2023 12:00am",2023,05,,…ｷﾀｯ,2023,1,751825617252728832_0.jpg,751825617252728832.html
2023/06/03,"June 3rd, 2023 12:00am",2023,06,,#突然無言で画像貼る見た人強制なのだ,cat|2023,1,751825664940883970_0.jpg,751825664940883970.html
2023/06/04,"June 4th, 2023 12:00am",2023,06,,一目惚れしたティアドロップビーズ、とりあえず簡単に指輪にしてみた。ネイル見せる人の真似してモモンガ……握るなッ,2023,2,751825711575203840_0.jpg|751825711575203840_1.jpg,751825711575203840.html
2023/06/07,"June 7th, 2023 12:00am",2023,06,,寝しなにエミネム聴き出す謎。 私が出だしのoffensiveの韻踏んでアメリカ人とカナダ人にウェ～イって言われる遊び面白かった思い出,2023,1,752365220691902464_0.jpg,752365220691902464.html
2023/06/09,"June 9th, 2023 12:00am",2023,06,,広島風、はじめてうどんの食べたけど美味しかったー！,what i ate today|2023,1,751825753718571008_0.jpg,751825753718571008.html
2023/06/10,"June 10th, 2023 12:00am",2023,06,,"気分ちょっと落ちちゃってどうしよ…って思ってたときにMV解禁されて一気にテンション上がった😢それ見込んでのタイミングだったんだね😢
テミンの除隊前からじわじわとミノのマンネ愛が盛り上がってた気がするけど、いざ戻ってきて今のあつくるしさ目の当たりにして、懐かしいような感じがしつつ、、やっぱり面白い。嫌がられない温度で仲良く筋トレしてな🔥
ちぇみのに日焼けそばかすメイクしてくれた人ありがとう…",2023|lifework|shinee,6,752365158930808832_0.jpg|752365158930808832_1.jpg|752365158930808832_2.jpg|752365158930808832_3.jpg|752365158930808832_4.jpg|752365158930808832_5.jpg,752365158930808832.html
2023/06/10,"June 10th, 2023 12:00am",2023,06,,かわいすぎね,2023|lifework|shinee,1,756256562319884288_0.jpg,756256562319884288.html
2023/06/14,"June 14th, 2023 12:00am",2023,06,,KALDIに胡椒餅あるって聞いたんで！！！,2023|what i ate today,1,752365258873749504_0.jpg,752365258873749504.html
2023/06/24,"June 24th, 2023 12:00am",2023,06,,念願のPIZZA（真鯛の香草焼きナポリ風）わよ,what i ate today|2023,1,751825791388729344_0.jpg,751825791388729344.html
2023/06/28,"June 28th, 2023 12:00am",2023,06,,"モモンガと日帰りさっぽろ旅行💙
初トリトンと 会いたかったよ ぼうずぎんぽちゃん。
ミルクと豆が選べるバリスタートコーヒー。あっさりでもコクがあって、めちゃくちゃ飲みやすいラテだった！！そして曇のち雨なんて嘘でした！
何もかもが美味しかった…雪印の空港ソフトと六花亭のアイスサンド、毎週食べたい…
カップ麺と壮絶な遅延ドラマで〆🥹 もともと一人で行こうと思ってたんだけど、友達も来てくれたおかげですごく充実して楽しかったー！美味しいもの食べるためだけのサクッと日帰り旅行、とても良かったのでまた行きたい。",2023|trip|hokkaido|what i ate today,14,751825831650869248_0.jpg|751825831650869248_1.jpg|751825831650869248_2.jpg|751825831650869248_3.jpg|751825831650869248_4.jpg|751825831650869248_5.jpg|751825831650869248_6.jpg|751825831650869248_7.jpg|751825831650869248_8.jpg|751825831650869248_9.jpg|751825831650869248_10.jpg|751825831650869248_11.jpg|751825831650869248_12.jpg|751825831650869248_13.jpg,751825831650869248.html
2023/07/02,"July 2nd, 2023 12:00am",2023,07,,唐突にポシェット編み…あと1mあれば完成できたのに〜〜,2023|日常,1,752364991161794560_0.jpg,752364991161794560.html
2023/07/04,"July 4th, 2023 12:00am",2023,07,,午前のプロテインバーが効いててあまりお腹空かず。ボトル・缶コーヒーってあまり好きじゃないけど、これはスッキリしてていいわ,2023|what i ate today,1,752364665094422528_0.jpg,752364665094422528.html
2023/07/06,"July 6th, 2023 12:00am",2023,07,,,2023,2,751825897810755585_0.jpg|751825897810755585_1.jpg,751825897810755585.html
2023/07/14,"July 14th, 2023 12:00am",2023,07,,舘ひろし似サラリーマンが険しい顔🤨で私のカバンについてるキーホルダーをガン見してたんだけど、裏返ってドーナツの絵しか見えてなかったので、彼が居眠りしてるうちに表のカービィが見えるようにしておいたら、目を覚ましてすぐ驚きと納得の表情😳でカービィを見つめてた笑笑,2023|日常,1,752364938127917056_0.jpg,752364938127917056.html
2023/07/15,"July 15th, 2023 12:00am",2023,07,,朝からモモンガ叩きみて泣いちゃった…えんぶゥ〜,2023,1,751825988496785408_0.jpg,751825988496785408.html
2023/07/15,"July 15th, 2023 12:00am",2023,07,,𓃗,what i ate today|cafe|2023,1,751826017060093952_0.jpg,751826017060093952.html
2023/07/20,"July 20th, 2023 12:00am",2023,07,,ｷｬﾜｷｬﾜ,2023|text,1,751826039961960449_0.jpg,751826039961960449.html
2023/07/20,"July 20th, 2023 12:00am",2023,07,,最高！！週末ゆっくりいじる！！！,2023|video,3,754443578274611200_2.jpg|754443578274611200_3.jpg|754443578274611200_4.jpg,754443578274611200.html
2023/07/20,"July 20th, 2023 12:00am",2023,07,,念願のYUNZIIきたーーー,2023|video,0,,754444086881271808.html
2023/07/21,"July 21st, 2023 12:00am",2023,07,,うまく撮れないこの美しさ…,2023,3,752364191385600000_0.jpg|752364191385600000_1.jpg|752364191385600000_2.jpg,752364191385600000.html
2023/07/21,"July 21st, 2023 12:00am",2023,07,,かわいい,2023,1,754443432527888384_0.jpg,754443432527888384.html
2023/07/27,"July 27th, 2023 12:00am",2023,07,,ﾔﾒﾁｪｰｰ,2023,1,752364125639901184_0.jpg,752364125639901184.html
2023/08/06,"August 6th, 2023 12:00am",2023,08,,ちょっとおもしろい,2023,1,752364078193950720_0.jpg,752364078193950720.html
2023/08/08,"August 8th, 2023 12:00am",2023,08,,すごい嫌な思いしたけどその原因となる見知らぬ男に往復ビンタかます想像しまくってなんとか穏便にすませた😢,2023|日常,0,,754442449615798272.html
2023/08/09,"August 9th, 2023 12:00am",2023,08,,タイダシっちゃった,what i ate today|2023,1,751826138082443264_0.jpg,751826138082443264.html
2023/08/16,"August 16th, 2023 12:00am",2023,08,,かけこみタコ🔔よ、,2023|what i ate today,1,752364015270903808_0.jpg,752364015270903808.html
2023/08/31,"August 31st, 2023 12:00am",2023,08,,心臓 とまるからやめて………😭,2023|lifework|非公開|shinee,1,754441634186477568_0.jpg,754441634186477568.html
2023/09/08,"September 8th, 2023 12:00am",2023,09,,かわいいしおこしたくないけどなにもできないしみぎてじゃすまほうてない…,cat|2023,2,751826216924921856_0.jpg|751826216924921856_1.jpg,751826216924921856.html
2023/09/08,"September 8th, 2023 12:00am",2023,09,,,2023|cat,1,752358054749683712_0.jpg,752358054749683712.html
2023/09/09,"September 9th, 2023 12:00am",2023,09,,"びりじょチケッティングはじまったんだけど席ｨｨｲｲｲ料金ﾝﾝﾝﾝﾝて感じ…しゃいにのVIP外れてしまったしダメ元で最後まで応募し続けてみよう😢
9/30 びりじょチケッティング、アクセス集中のち終了致しました🫥",2023,1,752363878172786688_0.png,752363878172786688.html
2023/09/18,"September 18th, 2023 12:00am",2023,09,,My bird is freed,2023,2,751826250230857728_0.jpg|751826250230857728_1.jpg,751826250230857728.html
2023/09/21,"September 21st, 2023 12:00am",2023,09,,,cat|2023,1,751826280808366080_0.jpg,751826280808366080.html
2023/09/25,"September 25th, 2023 12:00am",2023,09,,無事買えた🥹結局ペンラとポーチだけ。アプリのUIちょっとよろしくないな…,2023|lifework|非公開|shinee,1,752363638746152960_0.jpg,752363638746152960.html
2023/09/28,"September 28th, 2023 12:00am",2023,09,,ひっさびさのうちわ😳 公式は一足遅かったので、お진기を無理矢理お키ぃにしちまったよ！手持ちの材料で突貫工事👷 ペンラ新調したら同系色のリボンにしよ〜,2023|lifework|shinee,1,751826350748336128_0.jpg,751826350748336128.html
2023/09/29,"September 29th, 2023 12:00am",2023,09,,ペンラのコントロールのためのアプリまで増えたんですけど、これ400番台の人とかスクロールしまくるの？？？入力とかできないの？😂,2023|lifework|非公開,1,752363399422377984_0.jpg,752363399422377984.html
2023/09/29,"September 29th, 2023 12:00am",2023,09,,"ライブ直前になると手先が死んだように冷たくなったり急激に眠くなったりするんだけど、その症状てこれじゃん？？？
学生のときからコンクールとか発表の場があったので多少は緊張慣れしてると思ってたけどライブだけは全然慣れない
いや自分が出るわけじゃないんだけどな",2023|lifework,2,752363466915987456_0.jpg|752363466915987456_1.jpg,752363466915987456.html
2023/09/29,"September 29th, 2023 12:00am",2023,09,,座ってばかりなので仕事終わりに散歩がてら塩パン買いに行ったわよ,2023|what i ate today,1,752363528140308480_0.jpg,752363528140308480.html
2023/10/01,"October 1st, 2023 12:00am",2023,10,,５年ぶりのイルコンは、本国のをベースに懐かしの日本の曲を盛り込んでくれて、最高の神セトリだった😭😭😭そしてまさか思わずジョンの名前を叫ぶことになるとは。たくさんの思い出が蘇ってきた…🥲３人だけどわちゃわちゃトークも見れてホント久しぶりが沢山🥹今日はこの幸せのまま眠りにつく🥹🥹🥹,2023|lifework|shinee,4,751826454095986688_0.jpg|751826454095986688_1.jpg|751826454095986688_2.jpg|751826454095986688_3.jpg,751826454095986688.html
2023/10/04,"October 4th, 2023 12:00am",2023,10,,"イラつきの根源から話しかけられたときの私の顔
その後",cat|2023,2,751826486499180544_0.jpg|751826486499180544_1.jpg,751826486499180544.html
2023/10/06,"October 6th, 2023 12:00am",2023,10,,青すぎてびっくりしちゃった,2023|lifework|shinee,1,751826519768350720_0.jpg,751826519768350720.html
2023/10/07,"October 7th, 2023 12:00am",2023,10,,２万歩も歩いたんだよォー!!!,osaka|what i ate today|2023|lifework,4,751826593057521664_0.jpg|751826593057521664_1.jpg|751826593057521664_2.jpg|751826593057521664_3.jpg,751826593057521664.html
2023/10/07,"October 7th, 2023 12:00am",2023,10,,鶴橋の看板かわいーね,trip|osaka,2,752181070397636608_0.jpg|752181070397636608_1.jpg,752181070397636608.html
2023/10/07,"October 7th, 2023 12:00am",2023,10,,"おぉさか
さすが
かわいいです！！",trip|lifework|osaka|shinee,4,752181182362484736_0.jpg|752181182362484736_1.jpg|752181182362484736_2.jpg|752181182362484736_3.jpg,752181182362484736.html
2023/10/18,"October 18th, 2023 12:00am",2023,10,,ねこじゃま,cat,1,752180984336777216_0.jpg,752180984336777216.html
2023/10/18,"October 18th, 2023 12:00am",2023,10,,疲れちゃッたわよ,cat,1,752181008353411072_0.jpg,752181008353411072.html
2023/10/25,"October 25th, 2023 12:00am",2023,10,,注文してたところが発売延期（？）になってて、今日やっっっっっっっと届いたwwwやっとすぎる😂,2023|lifework|shinee,2,752180686395523072_0.jpg|752180686395523072_1.jpg,752180686395523072.html
2023/10/27,"October 27th, 2023 12:00am",2023,10,,#このタグを見た人は黙って猫をはる,cat|2023|非公開,1,752180513455915008_0.jpg,752180513455915008.html
2023/10/27,"October 27th, 2023 12:00am",2023,10,,うまいスシにしか浄化できないストレスってもんがあんのよ,what i ate today|2023,1,752180558334935040_0.jpg,752180558334935040.html
2023/11/12,"November 12th, 2023 12:00am",2023,11,,今日はうちのネコが舌しまい忘れてるの初めて見た記念日です,cat|2024,0,,752180500119027712.html
2023/11/14,"November 14th, 2023 12:00am",2023,11,,金曜、最後のハラペだった〜 いつにも増してめちゃ辛だった〜〜,what i ate today|2023,1,752180408005935104_0.jpg,752180408005935104.html
2023/11/15,"November 15th, 2023 12:00am",2023,11,,お疲れっっッした自分モーニング🥨,what i ate today|2023,1,752180378229407744_0.jpg,752180378229407744.html
2023/11/21,"November 21st, 2023 12:00am",2023,11,,去年いった🍎のまち、とても良かったので今年も行ってきたー田舎癒やされるわぁ,trip|2023,4,752180340934819840_0.jpg|752180340934819840_1.jpg|752180340934819840_2.jpg|752180340934819840_3.jpg,752180340934819840.html
2023/11/29,"November 29th, 2023 12:00am",2023,11,,IKEAはやっぱ平日にくるところ,what i ate today|2023,1,752180272405069824_0.jpg,752180272405069824.html
2023/12/02,"December 2nd, 2023 12:00am",2023,12,,すごい良かったこれ,2023,1,752363177885532160_0.jpg,752363177885532160.html
2023/12/08,"December 8th, 2023 12:00am",2023,12,,はいきたーーーーーーー,2023,1,752363142369214464_0.jpg,752363142369214464.html
2023/12/09,"December 9th, 2023 12:00am",2023,12,,祝ちぇみの生誕なので今夜は牛すきおこわ弁当とステラでちょっと豪華よ,what i ate today|2023,1,752180233927557120_0.jpg,752180233927557120.html
2023/12/10,"December 10th, 2023 12:00am",2023,12,,いたー,2023,1,752180128979795968_0.jpg,752180128979795968.html
2023/12/10,"December 10th, 2023 12:00am",2023,12,,これから出かけるんだけど🥺,cat|2023,2,752180192417562624_0.jpg|752180192417562624_1.jpg,752180192417562624.html
2023/12/14,"December 14th, 2023 12:00am",2023,12,,생일 축하해요🐰최고최고らしいので私もハッピーです！！！,2023|lifework|shinee,2,752180043111907328_0.jpg|752180043111907328_1.jpg,752180043111907328.html
2023/12/19,"December 19th, 2023 12:00am",2023,12,,,2023|cat,1,752357954383151104_0.jpg,752357954383151104.html
2023/12/25,"December 25th, 2023 12:00am",2023,12,,23は習い事のあと4amまでボードゲームで遊びまったのちぐっすり眠らせていただき、24の昼に帰ってからは簡単にローストチキン焼いて食べ、25は仕事だったけどドーナツ作ったり残りのチキン平らげたり、胃も心も充実しております🥰,2023,1,752179970774794240_0.jpg,752179970774794240.html
2024/01/01,"January 1st, 2024 12:00am",2024,01,,そいえばボドゲ会でやったこれがシンプルながらもなかなか楽しくて買って元旦から家族とやってたよん。持ってくからみんな遊んでくれ。,2023,1,752179918317699072_0.jpg,752179918317699072.html
2024/01/01,"January 1st, 2024 12:00am",2024,01,,あ、あけましておめでとうございます…！🎍 去年の特に後半は、新しいことも始めたりで、うんと幸福度高まる１年だったような気がします！今年も楽しく生きる！今年もよろしく！！ まずは朝型人間に戻りたい。,2024|text,0,,754442301194059776.html
2024/01/03,"January 3rd, 2024 12:00am",2024,01,,うちにも邪魔すぎるのいた,cat|2023,2,752179893155102720_0.jpg|752179893155102720_1.jpg,752179893155102720.html
2024/01/04,"January 4th, 2024 12:00am",2024,01,,母者生誕祭ゆえﾒﾁｬﾒﾁｬ簡単にﾐﾆﾐﾆパウンド焼いたー紅茶がｳﾏです,what i ate today|2023,1,752179653359419392_0.jpg,752179653359419392.html
2024/01/13,"January 13th, 2024 12:00am",2024,01,,はしっこ倶楽部のおもちゃ想像以上にしっかりしてた！もひとつほしい…🥹,2023,1,752179861684142080_0.jpg,752179861684142080.html
2024/01/14,"January 14th, 2024 12:00am",2024,01,,"今更近所のドラストにいるとはまさかすぎるんだよーーｯｯ
でもご覧の通り並べると可愛さ増すんだよね…悩むね……",2023,2,752179723660099584_0.jpg|752179723660099584_1.jpg,752179723660099584.html
2024/01/14,"January 14th, 2024 12:00am",2024,01,,なんか急に夢に出てきて、あの子元気かねぇと思ったり。思うだけ。,2023|dream,4,752179802523500544_0.jpg|752179802523500544_1.jpg|752179802523500544_2.jpg|752179802523500544_3.jpg,752179802523500544.html
2024/01/19,"January 19th, 2024 12:00am",2024,01,,"スタンドマイクを軽々と片手でクルクル振り回しちゃうどりごるのイケジンギほんとイケジンギ
あれ以来ずっとみれなかったLOVEがやっとみれた。ありがとう、、、",2023|lifework|shinee,2,752179620739252224_0.jpg|752179620739252224_1.jpg,752179620739252224.html
2024/01/20,"January 20th, 2024 12:00am",2024,01,,初めて米粉パンに挑戦したんだけど失敗して半分餅になった😂けど味がすごく良いので次回に期待,what i ate today,1,752182757776588800_0.jpg,752182757776588800.html
2024/01/22,"January 22nd, 2024 12:00am",2024,01,,ﾏｯｯｯｯｯｯｯ茶,what i ate today|2023,1,752179525902876672_0.jpg,752179525902876672.html
2024/01/27,"January 27th, 2024 12:00am",2024,01,,もう終わってると思ってたのに…！あったから…！つい寄っちゃったわよ…！！！🍤ﾔｯﾀｰ,2024,1,752179459652780032_0.jpg,752179459652780032.html
2024/01/27,"January 27th, 2024 12:00am",2024,01,,階段にムーミンコーナーつくった！ 絵は持ってないので大分と長崎のムーミン展のフライヤー…,2024,2,752179493868830720_0.jpg|752179493868830720_1.jpg,752179493868830720.html
2024/01/30,"January 30th, 2024 12:00am",2024,01,,ｼﾞﾔﾊﾟﾝﾐｰﾄで売ってたこれお手頃でなかなかうんまかった！やさしいあじーと思ったらベジタリアン仕様でなるほど,what i ate today,2,752182646094938112_0.jpg|752182646094938112_1.jpg,752182646094938112.html
2024/02/03,"February 3rd, 2024 12:00am",2024,02,,夕方にナポレオンパイ食べた🤤ので夜ご飯おかず少しだけにしたら全然足りんです！！,what i ate today|2024,1,752179382116909056_0.jpg,752179382116909056.html
2024/02/04,"February 4th, 2024 12:00am",2024,02,,さんおくねんぶりの餃子づくり…（まじでいつぶりだろう）,what i ate today|2024,1,752179357148119040_0.jpg,752179357148119040.html
2024/02/06,"February 6th, 2024 12:00am",2024,02,,"ド田舎バンザイ!!!!人里離れたローソンにあったので真っ暗闇のなか車走らせてきたよ…トレカ2種なのに、ダブりまくり在庫6個中5個買うことに🥹
トレカ、テミン⇔ミノで1枚なのでこういうこと…",2024|lifework|shinee,2,752179131598422016_0.jpg|752179131598422016_1.jpg,752179131598422016.html
2024/02/10,"February 10th, 2024 12:00am",2024,02,,ｯｯｯｯｯｯｯ茶,what i ate today,1,752181315549511680_0.jpg,752181315549511680.html
2024/02/24,"February 24th, 2024 12:00am",2024,02,,御徒町でユメカワ豚活し、散歩がてら湯島天神参拝し、ぷらぷら春日から東新宿で激混みの新大久保で心折れつつやーっとｱﾝｼのﾁｰｸﾌﾞﾗｼとｳﾇはんぐごかどぅゲトしてカペでおやつ食べて今からライブー！！！ｷﾝﾁｮｼﾃｷﾀ‥,what i ate today|2024|lifework,4,752179046835765248_0.jpg|752179046835765248_1.jpg|752179046835765248_2.jpg|752179046835765248_3.jpg,752179046835765248.html
2024/02/24,"February 24th, 2024 12:00am",2024,02,,心臓痛い‥今日TMYNやる感じですか‥？みんなしんでしまう‥‥ てかふかふかシートドリンクホルダー付きで見やすいときたここはなかなかの良席‥,2024|lifework|shinee,2,752357668539269120_0.jpg|752357668539269120_1.jpg,752357668539269120.html
2024/02/26,"February 26th, 2024 12:00am",2024,02,,RT @hitomiiitmtm : つまんなそうなテムちゃんとルセラを踊るミンキーが交互に映って爆笑だた https://t.co/OeA4LE3Y8P,2024|video|lifework|shinee|非公開,0,,754440356900241408.html
2024/02/26,"February 26th, 2024 12:00am",2024,02,,RT @SLKC923 : これがSHINeeの「メインダンサー」なの、SHINee WORLDの誇りすぎるでしょう https://t.co/P2MxBcLxHY,2024|video|lifework|RT|shinee|非公開,0,,754440504394039296.html
2024/02/28,"February 28th, 2024 12:00am",2024,02,,フリホーレスでかるく腹ごなしして帰るわよ🌮 帰って仕事しよう、半休で済んで良かった〜,what i ate today|2024,1,752178953599516672_0.jpg,752178953599516672.html
2024/03/01,"March 1st, 2024 12:00am",2024,03,,からい！！！想像以上に辛かった,what i ate today,1,752182489729138688_0.jpg,752182489729138688.html
2024/03/03,"March 3rd, 2024 12:00am",2024,03,,🎎米魚肉汁！！！,what i ate today|2024,1,752178906156695552_0.jpg,752178906156695552.html
2024/06/04,"June 4th, 2024 10:49pm",2024,06,,"出陣の朝
井伊の赤備え❤️
着替えたのち、会場までバス移動。こんな感じで結構カオスだった🤣これ外から撮った写真ないだろうか…。しかし素敵な写真撮ってもらって嬉しい😊
島左近陣地！
戦を終えて。あっという間の２日間で、ゆみあさんとおセンチになってた…。 そして大分に戻ったあと、家に帰るバス待ちで座ってたら、見知らぬおばちゃんに「県外の人？」と話しかけられ、よくよく話してみたら彦根出身の人だったという…！すごい✨",,6,752362674865717248_0.jpg|752362674865717248_1.jpg|752362674865717248_2.jpg|752362674865717248_3.jpg|752362674865717248_4.jpg|752362674865717248_5.jpg,752362674865717248.html
2024/06/27,"June 27th, 2024 11:50pm",2024,06,,,cat|2022,1,754450273957789696_0.jpg,754450273957789696.html
2024/06/27,"June 27th, 2024 11:59pm",2024,06,,"2015年8月23日 午前2:16
変更日時: 2018年7月14日 午後11:42
次の日付以降 rizlog 〜 yurimonma
変更日時: 2018年7月15日 午後9:55
次の日付以降 yurimonma 〜 yurisouma
変更日時: 2018年10月31日 午前0:55
次の日付以降 yurisouma 〜 yriwtski
変更日時: 2018年10月31日 午前0:57
次の日付以降 yriwtski 〜 yiwtski
変更日時: 2020年2月16日 午前0:41
次の日付以降 yiwtski 〜 yurilom28
変更日時: 2021年9月23日 午後9:38
次の日付以降 yurilom28 〜 yrmnee
変更日時: 2021年11月22日 午前9:09
次の日付以降 yrmnee 〜 yurilom_
変更日時: 2021年12月26日 午前10:30
次の日付以降 yurilom_ 〜 _yllzm",,2,754450803705757696_0.jpg|754450803705757696_1.jpg,754450803705757696.html
2024/07/17,"July 17th, 2024 9:48pm",2024,07,,"変更日時: 2018年2月1日 午後9:58
次の日付以降 yrzmmm 〜 yrzm5",,1,756254514485592064_0.jpg,756254514485592064.html
2024/07/18,"July 18th, 2024 3:03am",2024,07,,"Springroove、去年、出演者やばい豪華で行ったけど、めっちゃ楽しかったよ！2つステージがあって、左右交互でパフォーマンスするの。BIGBANGとか2NE1、LMFAO、David Guetta、加藤ミリヤとか人気ある人の番になると、人が押してきてやばかった…
個人的に去年の出演者はlmfao, afrojack, davidguetta, bigbang,m-floとか好きな人たちばっかで1万は安かった。",2013|非公開|text,0,,756274310322307072.html
2024/07/18,"July 18th, 2024 3:03am",2024,07,,RT @gbaby_btov : 「皆そうやって生きてるの。あんただけが大変なわけじゃないよ。」 僕はこれが世界で一番悪い慰め方だと思います。 (170208 青い夜、ジョンヒョンです),lifework|shinee|2017|RT|非公開,0,,756274348609912832.html
2024/07/21,"July 21st, 2024 4:22pm",2024,07,,"ついた！なんかあつい！！！！
武道館から始まり武道館で終えた、SMのイテミンとしてのソロ活動。ずいぶんと大人ぽくなった彼を見て、ここまでの過程を思ったらぐっときた😭
ひとつの章が幕を閉じただけで、彼がこの先歩んでいく花道も私達は当たり前に見守っていく。
さみしそうにするからそんな雰囲気になったけどお互いわかってる
ほんとめちゃめちゃ色っぽかった、たぶん今まで見た中でいちばん色気放出したおとなイテミンだった。
こっちの勝手な解釈かもだけど、瞳に宿った覚悟のようなものがよく伝わってきて、いつもよりも更に表情に釘付けになった公演だった。
⋮
これはテミンに限ったことじゃないけど、まじめにひたむきにやってきたアーティストはさ、ほんとうにキラキラして眩しくて、かっこいいんだよ。生き様が。羨ましくなるくらいに。
そして自分の見せ方や表現の仕方をプロだから熟知していて、私たちは簡単にその世界に引き込まれる。
⋮
私DOORがとてもとても好きなんだけど、あの赤い衣装に赤い目隠しして逆さの宙吊りで登場して、目隠し外したところ、、までの動画誰かアップしてくれないかな🥹
⋮
あと超絶セクシ～な2ndセクションだったと思うんだけど、手首を縛った紐を口で外したときに、ずれたマイクを乱暴に治す仕草が너무너무너무너무 미치도록 좋아해なのでだれか動画보여주세요…",2024|shinee|lifework,3,756596396655869952_0.jpg|756596396655869952_1.jpg|756596396655869952_2.jpg,756596396655869952.html
2024/07/21,"July 21st, 2024 4:29pm",2024,07,,スープ屋さんなくなってた！バッグも見たいやつなかった！またおやつ屋さんいった！歩いた！！,2024|cafe|text,0,,756596812308250624.html
2024/07/21,"July 21st, 2024 4:29pm",2024,07,,"おれらのマンネ最高すぎてしみじみほれぼれしちゃうね
태민(TAEMIN)의 킬링보이스를 라이브로! – Guilty, MOVE, Criminal, 괴도, 2 KIDS, Rise, 사랑인 것 같아, 최면, 눈꽃 | 딩고뮤직
ためいきでる…💘",2024|shinee|lifework|text,0,,756596852943699968.html
2024/07/21,"July 21st, 2024 4:33pm",2024,07,,初回ドルビーでみたらこの先もドルビー以外で見る気になれないなと思った…とてもよかった…何度も鳥肌立った……,2024|shinee|lifework|text,0,,756597073645862912.html
2024/08/14,"August 14th, 2024 2:43am",2024,08,,最近の遊び　たのしい　満足,日常|2024,3,758719181396082688_0.jpg|758719181396082688_1.jpg|758719181396082688_2.jpg,758719181396082688.html
2024/08/16,"August 16th, 2024 8:35pm",2024,08,,来世は机のうえに何も置かない人間にうまれたい,2024|text,0,,758967830424223744.html
2024/08/17,"August 17th, 2024 6:43am",2024,08,,最近はティラミスとチーズタルトがブーム,what i ate today|2024,1,759006110034345984_0.jpg,759006110034345984.html
2024/09/13,"September 13th, 2024 8:36am",2024,09,,書くことがない(⁠꒪⁠꒳⁠꒪⁠),2024|journal,1,761459288057282560_0.jpg,761459288057282560.html
2024/09/28,"September 28th, 2024 7:15pm",2024,09,文具,"ずっと地元でないのかな〜〜と思ってたトマトマーケットのポップアップ発見した。。。一番欲しかった絵はなかったけど全部可愛くて🥲❤️
あとウルフくんのホログラムステッカー。シュールすぎてめちゃくちゃツボった。
本気で紙の手帳に戻してから、また文具にハマってて。100均でも可愛いのたくさんあるから近づいたら簡単に散財してしまう",2024|日常|文具,2,762858453570093056_0.jpg|762858453570093056_1.jpg,762858453570093056.html
2024/09/28,"September 28th, 2024 7:21pm",2024,09,,ジョンハンお見送りしてきた（＝SVTの揺れない映画あったから最終日の最終回で観てきた!!!）ハニへ〜〜👼💞,2024|推し活|日常|lifework,1,762858846195728384_0.jpg,762858846195728384.html
2024/09/28,"September 28th, 2024 7:41pm",2024,09,,ついた〜〜ペンラ売り切れとか〜〜〜😔,2024|推し活|lifework|shinee,1,762860109698301952_0.jpg,762860109698301952.html
2024/09/28,"September 28th, 2024 7:43pm",2024,09,,"センステに面したブロックでなかなか近かった〜〜〜たのしかった〜〜〜😭❤️テミンこんな近いの久しぶりな感じする…
なんか冬も会えるっぽくて‥しゃいにだよね？！？！？！そうだといって",2024|推し活|lifework|shinee,1,762860235444600832_0.jpg,762860235444600832.html
2024/11/14,"November 14th, 2024 11:54pm",2024,11,Single in Seoul,"登場人物の価値観に共感したり、笑いもあって凄く楽しかった〜すでにもっかい観たい😂
景色がきれいで渡韓楽しみになった！",movie,1,767134096250093568_0.jpg,767134096250093568.html
2025/01/11,"January 11th, 2025 1:59pm",2025,01,休日,こういう休日が幸せすぎる,日常|2025,1,773919199766757376_0.jpg,773919199766757376.html
2025/02/24,"February 24th, 2025 8:10am",2025,02,,東京駅のポケモンストア、知らないうちに一階に移転してたー！見やすくなってハッピー,2024|2024.12|日常,1,776315585034420224_0.jpg,776315585034420224.html
2025/02/24,"February 24th, 2025 8:28am",2025,02,,日本橋tealのジェラートうまだった！！！ジェラートの写真は忘れた！！ホントはチョコプリン食べたかったんだけど時間なくてまたこんど！,2024|2024.09|cafe,4,776316736367689728_0.jpg|776316736367689728_1.jpg|776316736367689728_2.jpg|776316736367689728_3.jpg,776316736367689728.html
2025/03/31,"March 31st, 2025 12:28am",2025,03,最後の川村記念美術館,,2025|日常,10,779457427456294912_0.jpg|779457427456294912_1.jpg|779457427456294912_2.jpg|779457427456294912_3.jpg|779457427456294912_4.jpg|779457427456294912_5.jpg|779457427456294912_6.jpg|779457427456294912_7.jpg|779457427456294912_8.jpg|779457427456294912_9.jpg,779457427456294912.html
2025/04/05,"April 5th, 2025 10:38pm",2025,04,,,shinee|2025|lifework,6,779994076680470528_0.jpg|779994076680470528_1.jpg|779994076680470528_2.jpg|779994076680470528_3.jpg|779994076680470528_4.jpg|779994076680470528_5.jpg,779994076680470528.html
2025/04/05,"April 5th, 2025 11:03pm",2025,04,,,2025,7,779995631650537472_0.jpg|779995631650537472_1.jpg|779995631650537472_2.jpg|779995631650537472_3.jpg|779995631650537472_4.jpg|779995631650537472_5.jpg|779995631650537472_6.jpg,779995631650537472.html
2025/05/08,"May 8th, 2025 1:39am",2025,05,gw2025,,2025|2025.04,4,782904534804643841_0.jpg|782904534804643841_1.jpg|782904534804643841_2.jpg|782904534804643841_3.jpg,782904534804643841.html
